157D,X-RAY DIFFRACTION,1994-05-31,ARL048,1.80,RNA
165D,X-RAY DIFFRACTION,1994-08-31,AHIB53,1.55,DNA-RNA HYBRID
1A34,X-RAY DIFFRACTION,1998-04-29,PRV020,1.81,Virus/RNA
1A9N,X-RAY DIFFRACTION,1998-09-23,PTR016,2.38,RNA BINDING PROTEIN/RNA
1APG,X-RAY DIFFRACTION,1994-01-31,PR0058,3.00,GLYCOSIDASE
1AQ3,X-RAY DIFFRACTION,1997-12-24,PRV008,2.80,Virus/RNA
1AQ4,X-RAY DIFFRACTION,1997-12-24,PRV009,3.00,Virus/RNA
1ASY,X-RAY DIFFRACTION,1995-05-08,PTR005,2.90,COMPLEX (AMINOACYL-TRNA SYNTHASE/TRNA)
1ASZ,X-RAY DIFFRACTION,1995-05-08,PTR008,3.00,COMPLEX (AMINOACYL-TRNA SYNTHASE/TRNA)
1AV6,X-RAY DIFFRACTION,1998-02-25,PRV007,2.80,TRANSFERASE/RNA
1B23,X-RAY DIFFRACTION,1998-12-07,PR0004,2.60,GENE REGULATION/RNA
1B2M,X-RAY DIFFRACTION,1999-03-25,PR0012,2.00,HYDROLASE/RNA
1B7F,X-RAY DIFFRACTION,1999-05-03,PR0011,2.60,RNA-BINDING PROTEIN/RNA
1BMV,X-RAY DIFFRACTION,1989-10-09,PRV001,3.00,Virus/RNA
1BR3,X-RAY DIFFRACTION,1999-02-23,UH0001,3.00,DNA/RNA HYBRID
1C0A,X-RAY DIFFRACTION,1999-11-23,PR0019,2.40,LIGASE/RNA
1C9S,X-RAY DIFFRACTION,1999-09-15,PR0009,1.90,RNA BINDING PROTEIN/RNA
1CGM,FIBER DIFFRACTION,1994-04-30,1CGM,3.40,Virus
1CSL,X-RAY DIFFRACTION,2000-02-14,AR0023,1.60,RNA
1CVJ,X-RAY DIFFRACTION,1999-10-04,PR0007,2.60,GENE REGULATION/RNA
1CWP,X-RAY DIFFRACTION,1995-05-22,PRV005,3.20,Virus/RNA
1CX0,X-RAY DIFFRACTION,1999-09-08,PR0010,2.30,RNA BINDING PROTEIN/RNA
1D4R,X-RAY DIFFRACTION,1999-12-02,AR0024,2.00,RNA
1DDL,X-RAY DIFFRACTION,2000-10-30,PR0017,2.70,Virus/RNA
1DDY,X-RAY DIFFRACTION,2000-01-01,UR0008,3.00,RNA
1DFU,X-RAY DIFFRACTION,1999-12-02,PR0018,1.80,RIBOSOME
1DI2,X-RAY DIFFRACTION,1999-12-02,PR0020,1.90,RNA BINDING PROTEIN/RNA
1DK1,X-RAY DIFFRACTION,2000-04-02,RR0005,2.80,RIBOSOME
1DQF,X-RAY DIFFRACTION,2000-11-13,AR0026,2.20,RNA
1DQH,X-RAY DIFFRACTION,2000-11-13,AR0027,1.70,RNA
1DRZ,X-RAY DIFFRACTION,1999-02-16,PR0005,2.30,RNA BINDING PROTEIN/RNA
1DUH,X-RAY DIFFRACTION,2000-05-08,UR0009,2.70,RNA
1DUL,X-RAY DIFFRACTION,2000-02-28,PR0021,1.80,SIGNALING PROTEIN/RNA
1DUQ,X-RAY DIFFRACTION,2000-05-16,AR0028,2.10,RNA
1E7K,X-RAY DIFFRACTION,2001-02-19,1E7K,2.90,RNA-BINDING PROTEIN
1E8O,X-RAY DIFFRACTION,2000-11-08,1E8O,3.20,ALU RIBONUCLEOPROTEIN PARTICLE
1EC6,X-RAY DIFFRACTION,2000-02-21,PR0022,2.40,RNA BINDING PROTEIN/RNA
1EFO,X-RAY DIFFRACTION,2000-05-29,AH0010,2.30,DNA-RNA HYBRID
1EFW,X-RAY DIFFRACTION,2000-06-19,PR0023,3.00,LIGASE/RNA
1EGK,X-RAY DIFFRACTION,2000-06-26,UH0002,3.10,DNA-RNA HYBRID
1EHZ,X-RAY DIFFRACTION,2000-10-02,TR0001,1.93,RNA
1EIY,X-RAY DIFFRACTION,2000-03-06,PR0024,3.30,LIGASE/RNA
1EQQ,X-RAY DIFFRACTION,2003-09-23,PR0048,3.20,REPLICATION/RNA
1ET4,X-RAY DIFFRACTION,2000-11-13,DR0004,2.30,RNA
1EUQ,X-RAY DIFFRACTION,2000-06-04,PR0025,3.10,ligase/RNA
1EUY,X-RAY DIFFRACTION,2000-06-04,PR0026,2.60,ligase/RNA
1EVV,X-RAY DIFFRACTION,2000-05-01,TR0002,2.00,RNA
1EXD,X-RAY DIFFRACTION,2000-05-15,PR0027,2.70,ligase/RNA
1F1T,X-RAY DIFFRACTION,2000-09-04,UR0011,2.80,RNA
1F27,X-RAY DIFFRACTION,2000-06-12,DR0005,1.30,RNA
1F7U,X-RAY DIFFRACTION,2001-06-27,PR0030,2.20,LIGASE/RNA
1F7V,X-RAY DIFFRACTION,2001-06-27,PR0031,2.90,LIGASE/RNA
1F7Y,X-RAY DIFFRACTION,2000-11-22,RR0010,2.80,RIBOSOME
1F8V,X-RAY DIFFRACTION,2000-12-06,PR0036,3.00,Virus/RNA
1FEU,X-RAY DIFFRACTION,2001-06-25,RR0012,2.30,RIBOSOME
1FFK,X-RAY DIFFRACTION,2000-08-14,RR0011,2.40,ribosome
1FFY,X-RAY DIFFRACTION,2000-08-07,PR0032,2.20,LIGASE/RNA
1FFZ,X-RAY DIFFRACTION,2000-08-28,RR0013,3.20,ribosome
1FG0,X-RAY DIFFRACTION,2000-08-28,RR0014,3.00,ribosome
1FIR,X-RAY DIFFRACTION,2001-01-17,TR0003,3.30,RNA
1FIX,X-RAY DIFFRACTION,1996-12-11,UHJ055,2.30,DNA-RNA HYBRID
1FJG,X-RAY DIFFRACTION,2000-09-25,RR0016,3.00,ribosome
1FKA,X-RAY DIFFRACTION,2000-09-04,RR0017,3.30,ribosome
1FUF,X-RAY DIFFRACTION,2001-11-09,AR0029,1.70,RNA
1FXL,X-RAY DIFFRACTION,2001-02-05,PR0033,1.80,TRANSCRIPTION/RNA
1G1X,X-RAY DIFFRACTION,2000-10-30,RR0019,2.60,RIBOSOME
1G2E,X-RAY DIFFRACTION,2001-02-05,PR0034,2.30,TRANSCRIPTION/RNA
1G2J,X-RAY DIFFRACTION,2000-12-06,AR0030,1.97,RNA
1G4Q,X-RAY DIFFRACTION,2003-07-08,AH0012,1.15,DNA-RNA HYBRID
1G59,X-RAY DIFFRACTION,2001-09-01,PR0035,2.40,LIGASE/RNA
1GAX,X-RAY DIFFRACTION,2000-12-06,PR0029,2.90,LIGASE/RNA
1GID,X-RAY DIFFRACTION,1996-12-31,URX053,2.50,RIBOZYME
1GSG,X-RAY DIFFRACTION,1990-04-03,PTR001,2.80,LIGASE/RNA
1GTF,X-RAY DIFFRACTION,2002-04-05,1GTF,1.75,RNA BINDING PROTEIN/RNA
1GTN,X-RAY DIFFRACTION,2002-04-05,1GTN,2.50,RNA BINDING PROTEIN/RNA
1GTR,X-RAY DIFFRACTION,1995-02-07,PTR003,2.50,COMPLEX (LIGASE/TRNA)
1GTS,X-RAY DIFFRACTION,1995-02-07,PTR002,2.80,LIGASE/RNA
1H2C,X-RAY DIFFRACTION,2003-04-10,1H2C,1.60,VIRUS/VIRAL PROTEIN
1H2D,X-RAY DIFFRACTION,2003-04-10,1H2D,2.60,VIRUS/VIRAL PROTEIN
1H38,X-RAY DIFFRACTION,2002-11-20,1H38,2.90,TRANSFERASE
1H3E,X-RAY DIFFRACTION,2002-10-27,1H3E,2.90,LIGASE
1H4Q,X-RAY DIFFRACTION,2001-06-18,1H4Q,3.00,AMINOACYL-TRNA SYNTHETASE
1H4S,X-RAY DIFFRACTION,2001-06-18,1H4S,2.85,AMINOACYL-TRNA SYNTHETASE
1HC8,X-RAY DIFFRACTION,2002-05-23,1HC8,2.80,RIBOSOME
1HMH,X-RAY DIFFRACTION,1995-12-07,UHX026,2.60,RIBOZYME
1HNW,X-RAY DIFFRACTION,2001-02-21,RR0020,3.40,RIBOSOME
1HNX,X-RAY DIFFRACTION,2001-02-21,RR0021,3.40,RIBOSOME
1HNZ,X-RAY DIFFRACTION,2001-02-21,RR0022,3.30,RIBOSOME
1HQ1,X-RAY DIFFRACTION,2001-01-03,PR0037,1.52,SIGNALING PROTEIN/RNA
1HR0,X-RAY DIFFRACTION,2001-01-24,RR0023,3.20,RIBOSOME
1HR2,X-RAY DIFFRACTION,2001-04-12,UR0012,2.25,RNA
1HYS,X-RAY DIFFRACTION,2001-03-26,PH0003,3.00,TRANSFERASE/DNA-RNA HYBRID
1I5L,X-RAY DIFFRACTION,2001-08-28,PR0046,2.75,RNA BINDING PROTEIN/RNA
1I6H,X-RAY DIFFRACTION,2001-04-23,PH0004,3.30,TRANSCRIPTION/DNA-RNA HYBRID
1I6U,X-RAY DIFFRACTION,2001-08-03,PR0047,2.60,RIBOSOME
1I7J,X-RAY DIFFRACTION,2001-09-21,AR0031,1.19,RNA
1I94,X-RAY DIFFRACTION,2001-04-12,RR0024,3.20,RIBOSOME
1I9V,X-RAY DIFFRACTION,2001-06-04,TR0004,2.60,RNA
1I9X,X-RAY DIFFRACTION,2001-09-05,AR0032,2.18,RNA
1IBK,X-RAY DIFFRACTION,2001-05-04,RR0028,3.31,RIBOSOME
1IBL,X-RAY DIFFRACTION,2001-05-04,RR0029,3.11,RIBOSOME
1IBM,X-RAY DIFFRACTION,2001-05-04,RR0030,3.31,RIBOSOME
1IK5,X-RAY DIFFRACTION,2001-11-09,AR0033,1.80,RNA
1IL2,X-RAY DIFFRACTION,2001-09-28,PR0049,2.60,LIGASE/RNA
1IVS,X-RAY DIFFRACTION,2003-02-11,PR0069,2.90,LIGASE/RNA
1J1U,X-RAY DIFFRACTION,2003-06-03,PR0092,1.95,ligase/RNA
1J2B,X-RAY DIFFRACTION,2003-05-27,PR0093,3.30,transferase/RNA
1J5A,X-RAY DIFFRACTION,2002-03-08,RR0051,3.50,RIBOSOME
1J5E,X-RAY DIFFRACTION,2002-04-12,RR0052,3.05,ribosome
1J6S,X-RAY DIFFRACTION,2003-08-05,UR0023,1.40,RNA
1J7T,X-RAY DIFFRACTION,2002-05-18,DR0006,2.50,RNA
1J8G,X-RAY DIFFRACTION,2001-11-23,UR0014,0.61,RNA
1J9H,X-RAY DIFFRACTION,2001-10-26,AR0034,1.40,RNA
1JB8,X-RAY DIFFRACTION,2003-07-01,AH0019,2.38,DNA/RNA
1JBR,X-RAY DIFFRACTION,2001-10-26,PR0051,2.15,HYDROLASE/RNA
1JBS,X-RAY DIFFRACTION,2001-10-26,PR0052,1.97,HYDROLASE/RNA
1JBT,X-RAY DIFFRACTION,2001-10-26,PR0053,2.70,HYDROLASE/RNA
1JID,X-RAY DIFFRACTION,2001-10-19,PR0054,1.80,SIGNALING PROTEIN/RNA
1JJ2,X-RAY DIFFRACTION,2001-08-01,RR0033,2.40,RIBOSOME
1JZV,X-RAY DIFFRACTION,2003-11-11,AR0035,1.70,RNA
1JZX,X-RAY DIFFRACTION,2001-10-26,RR0037,3.10,RIBOSOME
1JZY,X-RAY DIFFRACTION,2001-10-26,RR0038,3.50,RIBOSOME
1K01,X-RAY DIFFRACTION,2001-10-26,RR0041,3.50,RIBOSOME
1K73,X-RAY DIFFRACTION,2003-07-22,RR0042,3.01,RIBOSOME
1K8A,X-RAY DIFFRACTION,2002-07-19,RR0043,3.00,RIBOSOME
1K8W,X-RAY DIFFRACTION,2001-12-31,PR0060,1.85,LYASE/RNA
1K9M,X-RAY DIFFRACTION,2002-07-19,RR0044,3.00,RIBOSOME
1K9W,X-RAY DIFFRACTION,2001-11-30,UR0017,3.10,RNA
1KC8,X-RAY DIFFRACTION,2003-07-22,RR0045,3.01,RIBOSOME
1KD1,X-RAY DIFFRACTION,2002-07-19,RR0047,3.00,RIBOSOME
1KD3,X-RAY DIFFRACTION,2003-03-04,AR0036,1.80,RNA
1KD4,X-RAY DIFFRACTION,2003-03-04,AR0037,1.85,RNA
1KD5,X-RAY DIFFRACTION,2003-03-04,AR0038,1.58,RNA
1KFO,X-RAY DIFFRACTION,2001-12-07,AR0039,1.60,RNA
1KH6,X-RAY DIFFRACTION,2002-04-26,UR0018,2.90,RNA
1KNZ,X-RAY DIFFRACTION,2002-01-17,PR0063,2.45,Viral protein/RNA
1KOG,X-RAY DIFFRACTION,2002-04-26,PR0064,3.50,LIGASE/RNA
1KQ2,X-RAY DIFFRACTION,2002-07-05,PR0065,2.71,TRANSLATION/RNA
1KQS,X-RAY DIFFRACTION,2002-02-22,RR0049,3.10,RIBOSOME
1KUQ,X-RAY DIFFRACTION,2003-06-24,RR0050,2.84,RIBOSOME
1KXK,X-RAY DIFFRACTION,2002-03-22,UR0019,3.00,RNA
1L2X,X-RAY DIFFRACTION,2002-03-22,UR0020,1.25,RNA
1L3D,X-RAY DIFFRACTION,2002-03-22,UR0021,2.85,RNA
1L3Z,X-RAY DIFFRACTION,2003-02-25,AR0040,2.01,RNA
1L8V,X-RAY DIFFRACTION,2002-08-23,UR0022,2.80,RNA
1L9A,X-RAY DIFFRACTION,2002-06-28,PR0067,2.90,SIGNALING PROTEIN/RNA
1LAJ,X-RAY DIFFRACTION,2002-11-27,PR0068,3.40,Virus/RNA
1LC4,X-RAY DIFFRACTION,2003-04-08,DR0007,2.54,RNA
1LNG,X-RAY DIFFRACTION,2002-06-07,PR0073,2.30,SIGNALING PROTEIN/RNA
1LNT,X-RAY DIFFRACTION,2003-06-03,AR0041,1.70,RNA
1M1K,X-RAY DIFFRACTION,2002-07-19,RR0054,3.20,RIBOSOME
1M5K,X-RAY DIFFRACTION,2002-08-02,PR0074,2.40,TRANSLATION/RNA
1M5O,X-RAY DIFFRACTION,2002-10-12,PR0075,2.20,TRANSLATION/RNA
1M5P,X-RAY DIFFRACTION,2002-10-12,PR0076,2.60,TRANSLATION/RNA
1M5V,X-RAY DIFFRACTION,2002-10-12,PR0077,2.40,TRANSLATION/RNA
1M8V,X-RAY DIFFRACTION,2003-02-11,PR0078,2.60,RNA BINDING PROTEIN/RNA
1M8W,X-RAY DIFFRACTION,2002-09-25,PR0079,2.20,RNA Binding Protein/RNA
1M8X,X-RAY DIFFRACTION,2002-09-25,PR0080,2.20,RNA BINDING PROTEIN/RNA
1M8Y,X-RAY DIFFRACTION,2002-09-25,PR0081,2.60,RNA BINDING PROTEIN/RNA
1M90,X-RAY DIFFRACTION,2002-09-06,RR0055,2.80,RIBOSOME
1MDG,X-RAY DIFFRACTION,2003-08-12,UR0024,1.50,RNA
1MFQ,X-RAY DIFFRACTION,2002-09-20,PR0082,3.10,SIGNALING PROTEIN/RNA
1MHK,X-RAY DIFFRACTION,2002-09-06,UR0025,2.50,RNA
1MJI,X-RAY DIFFRACTION,2003-01-21,PR0083,2.50,RIBOSOME
1MME,X-RAY DIFFRACTION,1996-02-06,URX035,3.10,RIBOZYME
1MMS,X-RAY DIFFRACTION,2000-04-17,RR0009,2.57,RIBOSOME
1MSW,X-RAY DIFFRACTION,2002-11-15,PD0345,2.10,TRANSCRIPTION/DNA/RNA
1MSY,X-RAY DIFFRACTION,2003-02-25,UR0026,1.41,RNA
1MWL,X-RAY DIFFRACTION,2003-02-18,DR0008,2.40,RNA
1MZP,X-RAY DIFFRACTION,2003-01-21,PR0085,2.65,RIBOSOME
1N1H,X-RAY DIFFRACTION,2002-12-25,PR0086,2.80,TRANSFERASE/RNA
1N32,X-RAY DIFFRACTION,2002-11-29,RR0056,3.00,RIBOSOME
1N33,X-RAY DIFFRACTION,2002-11-29,RR0057,3.35,RIBOSOME
1N35,X-RAY DIFFRACTION,2002-12-25,PR0087,2.50,TRANSFERASE/RNA
1N38,X-RAY DIFFRACTION,2002-12-25,PR0088,2.80,TRANSFERASE/RNA
1N77,X-RAY DIFFRACTION,2003-02-25,PR0089,2.40,ligase/RNA
1N78,X-RAY DIFFRACTION,2003-02-25,PR0090,2.10,ligase/RNA
1N8R,X-RAY DIFFRACTION,2003-07-22,RR0060,3.00,RIBOSOME
1NB7,X-RAY DIFFRACTION,2003-03-25,PR0091,2.90,TRANSFERASE/RNA
1NBS,X-RAY DIFFRACTION,2003-02-18,UR0027,3.15,RNA
1NJI,X-RAY DIFFRACTION,2003-07-22,RR0061,3.00,RIBOSOME
1NJP,X-RAY DIFFRACTION,2003-02-11,RR0066,3.50,RIBOSOME
1NKW,X-RAY DIFFRACTION,2003-02-11,RR0067,3.10,RIBOSOME
1NLC,X-RAY DIFFRACTION,2003-05-13,AR0044,1.85,RNA
1NTA,X-RAY DIFFRACTION,2003-05-13,DR0009,2.90,RNA
1NTB,X-RAY DIFFRACTION,2003-05-13,DR0010,2.90,RNA
1NUJ,X-RAY DIFFRACTION,2003-08-19,UR0028,1.80,RNA
1NUV,X-RAY DIFFRACTION,2003-08-19,UR0030,1.81,RNA
1NWX,X-RAY DIFFRACTION,2003-03-18,RR0068,3.50,RIBOSOME
1NWY,X-RAY DIFFRACTION,2003-03-18,RR0069,3.30,RIBOSOME
1NYI,X-RAY DIFFRACTION,2004-02-24,UR0029,2.85,RNA
1O0B,X-RAY DIFFRACTION,2003-04-15,PR0095,2.70,LIGASE/RNA
1O0C,X-RAY DIFFRACTION,2003-04-15,PR0096,2.70,LIGASE/RNA
1O3Z,X-RAY DIFFRACTION,2003-05-27,AR0046,2.65,RNA
1O9M,X-RAY DIFFRACTION,2003-03-27,1O9M,2.40,ANTIBIOTIC/RNA
1OB2,X-RAY DIFFRACTION,2004-05-27,1OB2,3.35,HYDROLASE/NUCLEAR PROTEIN
1OB5,X-RAY DIFFRACTION,2005-10-13,1OB5,3.10,HYDROLASE
1OND,X-RAY DIFFRACTION,2003-04-15,RR0070,3.40,RIBOSOME
1OOA,X-RAY DIFFRACTION,2003-07-22,PR0094,2.45,TRANSCRIPTION/RNA
1OSU,X-RAY DIFFRACTION,1996-04-04,URF042,1.40,RNA
1P6V,X-RAY DIFFRACTION,2003-08-12,PR0098,3.20,RNA BINDING PROTEIN/RNA
1P79,X-RAY DIFFRACTION,2003-11-04,UR0031,1.10,RNA
1P9X,X-RAY DIFFRACTION,2003-08-05,RR0071,3.40,RIBOSOME
1PGL,X-RAY DIFFRACTION,2003-11-18,PR0099,2.80,Virus/RNA
1PJG,X-RAY DIFFRACTION,2003-12-09,UH0005,1.15,DNA-RNA HYBRID
1PJO,X-RAY DIFFRACTION,2003-12-09,UH0006,1.10,DNA-RNA HYBRID
1PVO,X-RAY DIFFRACTION,2003-07-22,PR0100,3.00,TRANSCRIPTION/RNA
1Q29,X-RAY DIFFRACTION,2004-02-24,UR0032,3.00,RNA
1Q2R,X-RAY DIFFRACTION,2003-09-09,PR0101,2.90,Transferase/RNA
1Q2S,X-RAY DIFFRACTION,2003-09-09,PR0102,3.20,Transferase/RNA
1Q7Y,X-RAY DIFFRACTION,2003-10-07,RR0076,3.20,RIBOSOME
1Q81,X-RAY DIFFRACTION,2003-10-07,RR0077,2.95,RIBOSOME
1Q82,X-RAY DIFFRACTION,2003-10-07,RR0078,2.98,RIBOSOME
1Q86,X-RAY DIFFRACTION,2003-10-07,RR0079,3.00,RIBOSOME
1Q93,X-RAY DIFFRACTION,2003-11-25,UR0033,2.25,RNA
1Q96,X-RAY DIFFRACTION,2003-11-25,UR0034,1.75,RNA
1Q9A,X-RAY DIFFRACTION,2003-11-25,UR0035,1.04,RNA
1QA6,X-RAY DIFFRACTION,1999-05-25,PR0015,2.80,RIBOSOME
1QBP,X-RAY DIFFRACTION,1999-11-26,AR0025,2.10,RNA
1QC0,X-RAY DIFFRACTION,1999-11-11,AR0021,1.55,RNA
1QCU,X-RAY DIFFRACTION,1999-11-11,AR0020,1.20,RNA
1QF6,X-RAY DIFFRACTION,1999-05-06,PR0006,2.90,LIGASE/RNA
1QLN,X-RAY DIFFRACTION,2000-02-04,1QLN,2.40,NUCLEOTIDYLTRANSFERASE
1QRS,X-RAY DIFFRACTION,1996-12-07,PTR009,2.60,LIGASE/RNA
1QRT,X-RAY DIFFRACTION,1996-12-07,PTR010,2.70,LIGASE/RNA
1QRU,X-RAY DIFFRACTION,1996-12-07,PTR011,3.00,LIGASE/RNA
1QTQ,X-RAY DIFFRACTION,1998-05-27,PTE003,2.25,LIGASE/RNA
1QU2,X-RAY DIFFRACTION,1999-08-31,PR0014,2.20,LIGASE/RNA
1QU3,X-RAY DIFFRACTION,1999-08-31,PR0013,2.90,LIGASE/RNA
1QVF,X-RAY DIFFRACTION,2003-11-11,RR0080,3.10,RIBOSOME
1QVG,X-RAY DIFFRACTION,2003-11-11,RR0081,2.90,RIBOSOME
1R3E,X-RAY DIFFRACTION,2003-11-04,PR0105,2.10,LYASE/RNA
1R3O,X-RAY DIFFRACTION,2003-12-23,UR0036,1.90,RNA
1R9F,X-RAY DIFFRACTION,2004-01-27,PR0106,1.85,Viral protein/RNA
1R9T,X-RAY DIFFRACTION,2004-11-16,PH0007,3.50,TRANSCRIPTION/DNA-RNA HYBRID
1RC7,X-RAY DIFFRACTION,2004-03-30,PR0107,2.15,HYDROLASE/RNA
1RLG,X-RAY DIFFRACTION,2004-06-01,PR0108,2.70,Structural Protein/RNA
1RMV,FIBER DIFFRACTION,1997-05-15,1RMV,2.90,Virus/RNA
1RNA,X-RAY DIFFRACTION,1991-04-15,ARN035,2.25,RNA
1RPU,X-RAY DIFFRACTION,2004-01-13,PR0109,2.50,RNA Binding Protein/RNA
1RXA,X-RAY DIFFRACTION,1996-10-20,ARH063,2.90,RNA
1RXB,X-RAY DIFFRACTION,1996-08-26,ARH064,1.80,RNA
1S03,X-RAY DIFFRACTION,2004-05-25,PR0111,2.70,TRANSCRIPTION/RNA
1S0V,X-RAY DIFFRACTION,2004-02-24,PH0008,3.20,Transferase/DNA-RNA HYBRID
1S72,X-RAY DIFFRACTION,2004-06-15,RR0082,2.40,RIBOSOME
1S76,X-RAY DIFFRACTION,2004-03-23,PH0009,2.88,TRANSFERASE
1S77,X-RAY DIFFRACTION,2004-03-23,PH0010,2.69,TRANSFERASE
1SA9,X-RAY DIFFRACTION,2004-05-18,AR0048,2.86,RNA
1SAQ,X-RAY DIFFRACTION,2004-05-18,AR0049,2.70,RNA
1SDR,X-RAY DIFFRACTION,1995-02-27,ARL062,2.60,RNA
1SDS,X-RAY DIFFRACTION,2004-05-18,PR0113,1.80,protein/RNA complex
1SER,X-RAY DIFFRACTION,1994-04-30,PTR004,2.90,LIGASE/RNA
1SI3,X-RAY DIFFRACTION,2004-05-25,PR0112,2.60,GENE REGULATION/RNA
1SJ3,X-RAY DIFFRACTION,2004-05-18,PR0122,2.20,TRANSLATION/RNA
1SJ4,X-RAY DIFFRACTION,2004-05-18,PR0123,2.70,TRANSLATION/RNA
1SJF,X-RAY DIFFRACTION,2004-05-18,PR0118,2.75,TRANSLATION/RNA
1SM1,X-RAY DIFFRACTION,2004-08-03,RR0083,3.42,RIBOSOME
1T0D,X-RAY DIFFRACTION,2004-06-15,UR0037,2.20,RNA
1T0E,X-RAY DIFFRACTION,2004-06-15,UR0038,1.70,RNA
1T0K,X-RAY DIFFRACTION,2004-07-20,PR0125,3.24,RIBOSOME
1TFW,X-RAY DIFFRACTION,2004-08-10,PR0128,2.20,TRANSFERASE/RNA
1TFY,X-RAY DIFFRACTION,2004-08-10,PR0129,3.20,TRANSFERASE/RNA
1TN2,X-RAY DIFFRACTION,1986-10-24,TRNA03,3.00,T-RNA
1TRA,X-RAY DIFFRACTION,1986-05-16,TRNA06,3.00,T-RNA
1TTT,X-RAY DIFFRACTION,1996-12-23,PTR012,2.70,COMPLEX (ELONGATION FACTOR/TRNA)
1U0B,X-RAY DIFFRACTION,2004-11-23,PR0135,2.30,ligase/rna
1U1Y,X-RAY DIFFRACTION,2004-12-07,PR0132,2.85,Virus/RNA
1U63,X-RAY DIFFRACTION,2005-04-12,PR0136,3.40,TRANSCRIPTION/RNA
1U6B,X-RAY DIFFRACTION,2004-08-10,PR0133,3.10,STRUCTURAL PROTEIN/RNA
1U8D,X-RAY DIFFRACTION,2004-11-23,UR0039,1.95,RNA
1U9S,X-RAY DIFFRACTION,2004-10-26,UR0040,2.90,RNA
1UN6,X-RAY DIFFRACTION,2003-11-20,1UN6,3.10,RNA-BINDING PROTEIN/RNA
1URN,X-RAY DIFFRACTION,1996-03-08,PRV002,1.92,TRANSCRIPTION/RNA
1UTD,X-RAY DIFFRACTION,2004-01-15,1UTD,2.10,RNA BINDING PROTEIN
1UTF,X-RAY DIFFRACTION,2004-01-15,1UTF,1.90,RNA BINDING PROTEIN
1UTV,X-RAY DIFFRACTION,2004-01-15,1UTV,1.90,RNA BINDING PROTEIN
1UVI,X-RAY DIFFRACTION,2004-02-19,1UVI,2.15,POLYMERASE
1UVJ,X-RAY DIFFRACTION,2004-02-19,1UVJ,1.90,POLYMERASE
1UVK,X-RAY DIFFRACTION,2004-02-19,1UVK,2.45,POLYMERASE
1UVL,X-RAY DIFFRACTION,2004-02-26,1UVL,2.00,POLYMERASE
1UVM,X-RAY DIFFRACTION,2004-02-19,1UVM,2.00,TRANSFERASE
1UVN,X-RAY DIFFRACTION,2004-02-26,1UVN,3.00,POLYMERASE
1VBX,X-RAY DIFFRACTION,2004-05-18,PR0114,2.70,TRANSLATION/RNA
1VBY,X-RAY DIFFRACTION,2004-05-18,PR0115,2.90,TRANSLATION/RNA
1VBZ,X-RAY DIFFRACTION,2004-05-18,PR0116,2.80,TRANSLATION/RNA
1VC0,X-RAY DIFFRACTION,2004-05-18,PR0117,2.50,TRANSLATION/RNA
1VC5,X-RAY DIFFRACTION,2004-05-18,PR0119,3.40,TRANSLATION/RNA
1VC6,X-RAY DIFFRACTION,2004-05-18,PR0120,2.80,TRANSLATION/RNA
1VC7,X-RAY DIFFRACTION,2004-05-18,PR0121,2.45,TRANSLATION/RNA
1VFG,X-RAY DIFFRACTION,2004-08-10,PR0124,2.80,TRANSFERASE/RNA
1VQ4,X-RAY DIFFRACTION,2005-11-29,RR0100,2.70,RIBOSOME
1VQ5,X-RAY DIFFRACTION,2005-11-29,RR0101,2.60,RIBOSOME
1VQ6,X-RAY DIFFRACTION,2005-11-29,RR0102,2.70,RIBOSOME
1VQ7,X-RAY DIFFRACTION,2005-11-29,RR0103,2.50,RIBOSOME
1VQ8,X-RAY DIFFRACTION,2005-11-29,RR0104,2.20,RIBOSOME
1VQ9,X-RAY DIFFRACTION,2005-11-29,RR0105,2.40,RIBOSOME
1VQK,X-RAY DIFFRACTION,2005-11-29,RR0106,2.30,RIBOSOME
1VQL,X-RAY DIFFRACTION,2005-11-29,RR0107,2.30,RIBOSOME
1VQM,X-RAY DIFFRACTION,2005-11-29,RR0108,2.30,RIBOSOME
1VQN,X-RAY DIFFRACTION,2005-11-29,RR0109,2.40,RIBOSOME
1VQO,X-RAY DIFFRACTION,2005-11-29,RR0110,2.20,RIBOSOME
1VQP,X-RAY DIFFRACTION,2005-11-29,RR0111,2.25,RIBOSOME
1VS5,X-RAY DIFFRACTION,2006-09-26,RR0143,3.46,RIBOSOME
1VS6,X-RAY DIFFRACTION,2006-09-26,RR0144,3.46,RIBOSOME
1VS7,X-RAY DIFFRACTION,2006-09-26,RR0145,3.46,RIBOSOME
1VS8,X-RAY DIFFRACTION,2006-09-26,RR0146,3.46,RIBOSOME
1VTM,FIBER DIFFRACTION,1994-07-31,1VTM,3.50,Virus/RNA
1W2B,X-RAY DIFFRACTION,2004-09-02,1W2B,3.50,RIBOSOME
1WMQ,X-RAY DIFFRACTION,2005-03-15,PR0131,1.60,TRANSCRIPTION/RNA
1WNE,X-RAY DIFFRACTION,2004-08-31,PR0134,3.00,TRANSFERASE/RNA
1WPU,X-RAY DIFFRACTION,2005-08-30,PR0137,1.48,TRANSCRIPTION/RNA
1WRQ,X-RAY DIFFRACTION,2005-08-30,PR0142,2.20,TRANSCRIPTION/RNA
1WSU,X-RAY DIFFRACTION,2005-01-25,PR0143,2.30,TRANSLATION/RNA
1WVD,X-RAY DIFFRACTION,2004-12-21,AR0055,2.93,RNA
1WZ2,X-RAY DIFFRACTION,2005-09-06,PR0145,3.21,Ligase/RNA
1X9C,X-RAY DIFFRACTION,2005-11-22,UR0042,2.19,RNA
1X9K,X-RAY DIFFRACTION,2005-11-22,UR0043,3.17,RNA
1XBP,X-RAY DIFFRACTION,2005-03-01,RR0084,3.50,RIBOSOME
1XJR,X-RAY DIFFRACTION,2005-02-01,UR0044,2.70,RNA
1XMO,X-RAY DIFFRACTION,2004-12-14,RR0095,3.25,RIBOSOME
1XMQ,X-RAY DIFFRACTION,2004-12-14,RR0096,3.00,RIBOSOME
1XNQ,X-RAY DIFFRACTION,2004-12-14,RR0097,3.05,RIBOSOME
1XNR,X-RAY DIFFRACTION,2004-12-14,RR0098,3.10,RIBOSOME
1XOK,X-RAY DIFFRACTION,2005-01-04,PR0141,3.00,Viral protein/RNA
1XP7,X-RAY DIFFRACTION,2005-10-18,UR0045,2.50,RNA
1XPE,X-RAY DIFFRACTION,2005-10-18,UR0046,1.94,RNA
1XPF,X-RAY DIFFRACTION,2005-10-18,UR0047,2.30,RNA
1XPO,X-RAY DIFFRACTION,2005-02-08,PR0138,3.15,TRANSCRIPTION/RNA
1XPR,X-RAY DIFFRACTION,2004-11-02,PR0139,3.15,TRANSCRIPTION/RNA
1XPU,X-RAY DIFFRACTION,2004-11-02,PR0140,3.05,TRANSCRIPTION/RNA
1Y26,X-RAY DIFFRACTION,2004-12-28,UR0051,2.10,RNA
1Y27,X-RAY DIFFRACTION,2004-12-28,UR0052,2.40,RNA
1Y39,X-RAY DIFFRACTION,2005-03-22,PR0144,2.80,STRUCTURAL PROTEIN/RNA
1Y3O,X-RAY DIFFRACTION,2005-11-08,UR0049,2.70,RNA
1Y3S,X-RAY DIFFRACTION,2005-11-08,UR0050,2.25,RNA
1Y69,X-RAY DIFFRACTION,2005-03-01,RR0099,3.33,RIBOSOME
1Y6S,X-RAY DIFFRACTION,2004-12-21,AR0052,2.90,RNA
1Y6T,X-RAY DIFFRACTION,2004-12-21,AR0050,2.60,RNA
1Y73,X-RAY DIFFRACTION,2004-12-21,AR0051,2.90,RNA
1Y90,X-RAY DIFFRACTION,2004-12-21,AR0053,3.08,RNA
1Y95,X-RAY DIFFRACTION,2004-12-21,AR0054,2.80,RNA
1Y99,X-RAY DIFFRACTION,2004-12-21,AR0056,2.40,RNA
1YFG,X-RAY DIFFRACTION,1997-09-03,TRNA12,3.00,T-RNA
1YHQ,X-RAY DIFFRACTION,2005-04-26,RR0112,2.40,RIBOSOME
1YI2,X-RAY DIFFRACTION,2005-04-26,RR0113,2.65,RIBOSOME
1YIJ,X-RAY DIFFRACTION,2005-04-26,RR0114,2.60,RIBOSOME
1YIT,X-RAY DIFFRACTION,2005-04-26,RR0115,2.80,RIBOSOME
1YJ9,X-RAY DIFFRACTION,2005-04-26,RR0116,2.80,RIBOSOME
1YJN,X-RAY DIFFRACTION,2005-04-26,RR0117,3.00,RIBOSOME
1YJW,X-RAY DIFFRACTION,2005-04-26,RR0118,2.90,RIBOSOME
1YKQ,X-RAY DIFFRACTION,2005-02-22,UR0053,3.50,RNA
1YKV,X-RAY DIFFRACTION,2005-02-22,UR0054,3.30,RNA
1YLS,X-RAY DIFFRACTION,2005-02-22,UR0055,3.00,RNA
1YRJ,X-RAY DIFFRACTION,2005-06-07,DR0011,2.70,RNA
1YTU,X-RAY DIFFRACTION,2005-04-05,PR0146,2.50,RNA binding Protein/RNA
1YTY,X-RAY DIFFRACTION,2006-01-17,PR0152,2.29,TRANSCRIPTION/RNA
1YVP,X-RAY DIFFRACTION,2005-06-07,PR0151,2.20,RNA BINDING PROTEIN/RNA
1YXP,X-RAY DIFFRACTION,2006-01-31,UR0057,2.40,RNA
1YY0,X-RAY DIFFRACTION,2005-10-18,AR0058,3.20,RNA
1YYK,X-RAY DIFFRACTION,2005-11-22,PR0147,2.50,HYDROLASE/RNA
1YYO,X-RAY DIFFRACTION,2005-11-22,PR0148,2.90,HYDROLASE/RNA
1YYW,X-RAY DIFFRACTION,2005-11-22,PR0149,2.80,HYDROLASE/RNA
1YZ9,X-RAY DIFFRACTION,2005-11-22,PR0150,2.10,HYDROLASE/RNA
1YZD,X-RAY DIFFRACTION,2005-10-18,AR0059,2.35,RNA
1Z43,X-RAY DIFFRACTION,2005-06-14,UR0056,2.60,RNA
1Z79,X-RAY DIFFRACTION,2005-10-18,AR0060,2.55,RNA
1Z7F,X-RAY DIFFRACTION,2005-10-18,AR0061,2.10,RNA
1ZBH,X-RAY DIFFRACTION,2006-09-26,PR0153,3.00,HYDROLASE/RNA
1ZBI,X-RAY DIFFRACTION,2005-07-12,PH0016,1.85,HYDROLASE/RNA/DNA
1ZBL,X-RAY DIFFRACTION,2005-07-12,PH0017,2.20,HYDROLASE/RNA/DNA
1ZCI,X-RAY DIFFRACTION,2006-01-31,UR0058,1.65,RNA
1ZDH,X-RAY DIFFRACTION,1997-04-21,PRV003,2.70,Virus/RNA
1ZDI,X-RAY DIFFRACTION,1997-04-21,PRV006,2.70,Virus/RNA
1ZDJ,X-RAY DIFFRACTION,1998-07-08,PRV021,2.90,Virus/RNA
1ZDK,X-RAY DIFFRACTION,1998-12-07,PR0003,2.86,Virus/RNA
1ZE2,X-RAY DIFFRACTION,2005-04-26,PR0154,3.00,LYASE/RNA
1ZEV,X-RAY DIFFRACTION,2005-10-25,AR0062,1.58,RNA
1ZFT,X-RAY DIFFRACTION,2006-02-14,UR0060,2.33,RNA
1ZFV,X-RAY DIFFRACTION,2006-02-14,UR0061,2.40,RNA
1ZFX,X-RAY DIFFRACTION,2006-02-14,UR0062,2.38,RNA
1ZH5,X-RAY DIFFRACTION,2006-01-17,PR0156,1.85,TRANSCRIPTION/RNA
1ZHO,X-RAY DIFFRACTION,2006-05-09,PR0157,2.60,STRUCTURAL PROTEIN/RNA
1ZJW,X-RAY DIFFRACTION,2005-06-07,PR0155,2.50,LIGASE/RNA
1ZL3,X-RAY DIFFRACTION,2005-08-09,PR0160,2.80,LYASE/RNA
1ZSE,X-RAY DIFFRACTION,2006-05-09,PR0167,3.00,RNA/VIRUS/VIRAL PROTEIN
1ZX7,X-RAY DIFFRACTION,2005-09-20,AR0064,2.15,RNA
1ZZ5,X-RAY DIFFRACTION,2005-09-20,DR0013,3.00,RNA
1ZZN,X-RAY DIFFRACTION,2005-08-30,PR0170,3.37,STRUCTURAL PROTEIN/RNA
205D,X-RAY DIFFRACTION,1995-09-15,URL029,2.64,RNA
255D,X-RAY DIFFRACTION,1995-02-07,ARL037,2.00,RNA
259D,X-RAY DIFFRACTION,1996-08-26,ARH074,1.46,RNA
280D,X-RAY DIFFRACTION,1996-09-30,URL050,2.40,RNA
283D,X-RAY DIFFRACTION,1996-09-30,URL051,2.30,RNA
299D,X-RAY DIFFRACTION,1997-01-24,URX057,3.00,RIBOZYME
2A04,X-RAY DIFFRACTION,2005-09-20,DR0014,2.95,RNA
2A0P,X-RAY DIFFRACTION,2005-08-16,AR0063,1.95,RNA
2A1R,X-RAY DIFFRACTION,2005-12-20,PR0166,2.60,HYDROLASE/RNA
2A43,X-RAY DIFFRACTION,2005-09-27,UR0066,1.34,RNA
2A64,X-RAY DIFFRACTION,2005-09-20,UR0065,3.30,HYDROLASE, RNA
2A8V,X-RAY DIFFRACTION,1999-04-26,PR0008,2.40,PROTEIN/RNA
2AAR,X-RAY DIFFRACTION,2005-08-23,RR0122,3.50,Ribosome
2AB4,X-RAY DIFFRACTION,2005-12-13,PR0169,2.40,Isomerase/RNA
2AKE,X-RAY DIFFRACTION,2006-07-11,PR0171,3.10,LIGASE/RNA
2ANN,X-RAY DIFFRACTION,2006-10-24,PR0172,2.30,RNA-binding protein/RNA
2ANR,X-RAY DIFFRACTION,2006-10-24,PR0173,1.94,RNA-BINDING PROTEIN/RNA
2AO5,X-RAY DIFFRACTION,2006-03-28,AR0065,2.10,RNA
2ASB,X-RAY DIFFRACTION,2005-10-11,PR0174,1.50,transcription/RNA
2ATW,X-RAY DIFFRACTION,2005-10-11,PR0175,2.25,transcription/RNA
2AVY,X-RAY DIFFRACTION,2005-11-08,RR0123,3.46,ribosome
2AW4,X-RAY DIFFRACTION,2005-11-08,RR0124,3.46,ribosome
2AW7,X-RAY DIFFRACTION,2005-11-08,RR0125,3.46,ribosome
2AWB,X-RAY DIFFRACTION,2005-11-08,RR0126,3.46,RIBOSOME
2AWE,X-RAY DIFFRACTION,2006-02-07,UR0067,2.10,RNA
2AZ0,X-RAY DIFFRACTION,2005-10-11,PR0181,2.60,Viral protein/RNA
2AZ2,X-RAY DIFFRACTION,2005-10-11,PR0182,2.60,Viral protein/RNA
2AZX,X-RAY DIFFRACTION,2006-08-01,PR0176,2.80,Ligase/RNA
2B2D,X-RAY DIFFRACTION,2006-05-09,PR0177,2.90,VIRUS/VIRAL PROTEIN/RNA
2B2E,X-RAY DIFFRACTION,2006-05-09,PR0178,3.15,VIRUS/VIRAL PROTEIN/RNA
2B2G,X-RAY DIFFRACTION,2006-05-09,PR0179,3.02,VIRUS/VIRAL PROTEIN/RNA
2B3J,X-RAY DIFFRACTION,2006-01-24,PR0180,2.00,HYDROLASE/RNA
2B57,X-RAY DIFFRACTION,2006-05-23,UR0070,2.15,RNA
2B8R,X-RAY DIFFRACTION,2005-10-25,UR0071,2.60,RNA
2B8S,X-RAY DIFFRACTION,2005-10-25,UR0072,2.76,RNA
2BBV,X-RAY DIFFRACTION,1994-08-31,PRV004,2.80,Virus/RNA
2BCY,X-RAY DIFFRACTION,2006-02-14,UR0074,2.70,RNA
2BCZ,X-RAY DIFFRACTION,2006-02-14,UR0075,2.40,RNA
2BE0,X-RAY DIFFRACTION,2005-12-20,DR0019,2.63,RNA
2BEE,X-RAY DIFFRACTION,2005-12-20,DR0020,2.60,RNA
2BGG,X-RAY DIFFRACTION,2005-03-31,2BGG,2.20,RNA-BINDING PROTEIN/RNA
2BH2,X-RAY DIFFRACTION,2005-03-30,2BH2,2.15,TRANSFERASE
2BJ6,X-RAY DIFFRACTION,2005-03-09,2BJ6,2.60,NUCLEIC ACID (HNA/RNA)
2BNY,X-RAY DIFFRACTION,2006-03-22,2BNY,3.00,VIRUS
2BQ5,X-RAY DIFFRACTION,2006-03-22,2BQ5,2.91,VIRUS/RNA
2BS0,X-RAY DIFFRACTION,2006-03-22,2BS0,2.45,VIRUS/RNA
2BS1,X-RAY DIFFRACTION,2006-03-22,2BS1,2.80,VIRUS/RNA
2BTE,X-RAY DIFFRACTION,2005-09-15,2BTE,2.90,SYNTHETASE
2BU1,X-RAY DIFFRACTION,2005-08-18,2BU1,2.20,VIRUS/RNA
2BX2,X-RAY DIFFRACTION,2005-10-14,2BX2,2.85,HYDROLASE
2BYT,X-RAY DIFFRACTION,2005-09-15,2BYT,3.30,SYNTHETASE
2C0B,X-RAY DIFFRACTION,2005-10-14,2C0B,3.18,HYDROLASE
2C4Q,X-RAY DIFFRACTION,2005-11-07,2C4Q,2.38,VIRUS/RNA
2C4Y,X-RAY DIFFRACTION,2006-01-05,2C4Y,2.68,VIRUS/RNA
2C4Z,X-RAY DIFFRACTION,2006-01-05,2C4Z,2.60,VIRUS/RNA
2C50,X-RAY DIFFRACTION,2006-01-05,2C50,2.65,VIRUS/RNA
2C51,X-RAY DIFFRACTION,2006-01-05,2C51,2.80,VIRUS/RNA
2CKY,X-RAY DIFFRACTION,2006-05-08,2CKY,2.90,NUCLEIC ACID
2CSX,X-RAY DIFFRACTION,2005-09-20,PR0161,2.70,Ligase/RNA
2CT8,X-RAY DIFFRACTION,2005-09-20,PR0162,2.70,Ligase/RNA
2CV0,X-RAY DIFFRACTION,2006-09-05,PR0163,2.40,ligase/RNA
2CV1,X-RAY DIFFRACTION,2006-09-05,PR0164,2.41,ligase/RNA
2CV2,X-RAY DIFFRACTION,2006-09-05,PR0165,2.69,ligase/RNA
2CZJ,X-RAY DIFFRACTION,2006-10-31,PR0168,3.01,RNA BINDING PROTEIN/RNA
2D2K,X-RAY DIFFRACTION,2005-11-01,UR0068,2.65,RNA
2D2L,X-RAY DIFFRACTION,2005-11-01,UR0069,2.50,RNA
2D3O,X-RAY DIFFRACTION,2005-12-06,RR0127,3.35,Ribosome
2D6F,X-RAY DIFFRACTION,2006-07-11,PR0184,3.15,ligase/RNA
2DB3,X-RAY DIFFRACTION,2006-05-02,PR0187,2.20,HYDROLASE/RNA
2DER,X-RAY DIFFRACTION,2006-08-15,PR0192,3.10,Transferase/RNA
2DET,X-RAY DIFFRACTION,2006-08-15,PR0193,3.40,Transferase/RNA
2DEU,X-RAY DIFFRACTION,2006-08-15,PR0194,3.40,Transferase/RNA
2DLC,X-RAY DIFFRACTION,2007-06-12,PR0198,2.40,LIGASE/tRNA
2DQO,X-RAY DIFFRACTION,2007-04-17,AH0022,2.30,DNA-RNA HYBRID
2DQP,X-RAY DIFFRACTION,2007-04-17,AH0023,2.10,DNA-RNA HYBRID
2DQQ,X-RAY DIFFRACTION,2007-04-17,AH0024,2.00,DNA-RNA HYBRID
2DR2,X-RAY DIFFRACTION,2006-07-11,PR0212,3.00,LIGASE/RNA
2DR5,X-RAY DIFFRACTION,2006-10-31,PR0213,2.80,TRANSFERASE/RNA
2DR7,X-RAY DIFFRACTION,2006-11-14,PR0214,2.80,TRANSFERASE/RNA
2DR8,X-RAY DIFFRACTION,2006-11-14,PR0215,2.50,TRANSFERASE/RNA
2DR9,X-RAY DIFFRACTION,2006-11-14,PR0216,2.80,TRANSFERASE/RNA
2DRA,X-RAY DIFFRACTION,2006-11-14,PR0217,2.50,TRANSFERASE/RNA
2DRB,X-RAY DIFFRACTION,2006-11-14,PR0218,2.80,TRANSFERASE/RNA
2DU3,X-RAY DIFFRACTION,2007-03-13,PR0219,2.60,LIGASE/RNA
2DU4,X-RAY DIFFRACTION,2007-03-13,PR0220,2.80,LIGASE/RNA
2DU5,X-RAY DIFFRACTION,2007-03-13,PR0221,3.20,LIGASE/RNA
2DU6,X-RAY DIFFRACTION,2007-03-13,PR0222,3.30,LIGASE/RNA
2DVI,X-RAY DIFFRACTION,2006-11-14,PR0226,2.61,TRANSFERASE/RNA
2DXI,X-RAY DIFFRACTION,2006-10-31,PR0228,2.20,ligase/RNA
2E2I,X-RAY DIFFRACTION,2006-12-19,PH0029,3.41,TRANSCRIPTION,TRANSFERASE/DNA-RNA HYBRID
2E2J,X-RAY DIFFRACTION,2006-12-12,PH0030,3.50,TRANSCRIPTION,TRANSFERASE/DNA-RNA HYBRID
2E5L,X-RAY DIFFRACTION,2007-05-15,RR0157,3.30,RIBOSOME
2E9R,X-RAY DIFFRACTION,2007-06-26,PR0262,2.81,TRANSFERASE/RNA
2E9T,X-RAY DIFFRACTION,2007-06-26,PR0263,2.60,TRANSFERASE/RNA
2E9Z,X-RAY DIFFRACTION,2007-06-26,PR0264,3.00,TRANSFERASE/RNA
2EC0,X-RAY DIFFRACTION,2007-06-26,PR0266,2.75,TRANSFERASE/RNA
2EES,X-RAY DIFFRACTION,2007-11-13,UR0111,1.75,RNA
2EET,X-RAY DIFFRACTION,2007-11-13,UR0112,1.95,RNA
2EEU,X-RAY DIFFRACTION,2007-11-13,UR0113,1.95,RNA
2EEV,X-RAY DIFFRACTION,2007-11-13,UR0114,1.95,RNA
2EEW,X-RAY DIFFRACTION,2007-11-13,UR0115,2.25,RNA
2ESI,X-RAY DIFFRACTION,2005-12-20,DR0021,3.00,RNA
2ESJ,X-RAY DIFFRACTION,2005-12-20,DR0022,2.20,RNA
2ET3,X-RAY DIFFRACTION,2005-12-13,DR0015,2.80,RNA
2ET4,X-RAY DIFFRACTION,2005-12-13,DR0016,2.40,RNA
2ET5,X-RAY DIFFRACTION,2005-12-13,DR0017,2.20,RNA
2ET8,X-RAY DIFFRACTION,2005-12-13,DR0018,2.50,RNA
2EZ6,X-RAY DIFFRACTION,2006-02-07,PR0185,2.05,HYDROLASE/RNA
2F4S,X-RAY DIFFRACTION,2006-05-02,DR0027,2.80,RNA
2F4T,X-RAY DIFFRACTION,2006-05-02,DR0028,3.00,RNA
2F4U,X-RAY DIFFRACTION,2006-05-02,DR0029,2.60,RNA
2F8K,X-RAY DIFFRACTION,2006-01-24,PR0186,2.00,RNA BINDING PROTEIN/ RNA
2F8S,X-RAY DIFFRACTION,2006-10-31,PR0188,3.00,RNA BINDING PROTEIN/RNA
2F8T,X-RAY DIFFRACTION,2006-10-31,PR0189,3.10,RNA BINDING PROTEIN/RNA
2FCX,X-RAY DIFFRACTION,2006-05-16,DR0023,2.00,RNA
2FCY,X-RAY DIFFRACTION,2006-05-16,DR0024,2.20,RNA
2FCZ,X-RAY DIFFRACTION,2006-05-16,DR0025,2.01,RNA
2FD0,X-RAY DIFFRACTION,2006-05-16,DR0026,1.80,RNA
2FGP,X-RAY DIFFRACTION,2006-02-14,UR0076,2.40,RNA
2FK6,X-RAY DIFFRACTION,2006-03-21,PR0190,2.90,HYDROLASE/RNA
2FMT,X-RAY DIFFRACTION,1999-07-29,PR0059,2.80,COMPLEX (METHYLTRANSFERASE/TRNA)
2FQN,X-RAY DIFFRACTION,2006-02-14,AR0066,2.30,RNA
2FZ2,X-RAY DIFFRACTION,2006-02-21,PR0191,2.90,Virus/RNA
2G32,X-RAY DIFFRACTION,2006-05-30,UR0077,1.30,RNA
2G3S,X-RAY DIFFRACTION,2007-01-16,AR0067,1.50,RNA
2G4B,X-RAY DIFFRACTION,2006-07-25,PR0195,2.50,RNA Binding Protein/RNA
2G5K,X-RAY DIFFRACTION,2006-06-20,DR0030,2.80,RNA
2G5Q,X-RAY DIFFRACTION,2006-10-03,DR0031,2.70,RNA
2G8F,X-RAY DIFFRACTION,2006-04-25,PH0019,1.65,HYDROLASE/RNA/DNA
2G8H,X-RAY DIFFRACTION,2006-04-25,PH0020,1.85,HYDROLASE/RNA/DNA
2G8I,X-RAY DIFFRACTION,2006-04-25,PH0021,1.65,HYDROLASE/RNA/DNA
2G8K,X-RAY DIFFRACTION,2006-04-25,PH0022,1.65,HYDROLASE/RNA/DNA
2G8U,X-RAY DIFFRACTION,2006-04-25,PH0023,2.70,HYDROLASE/RNA/DNA
2G8V,X-RAY DIFFRACTION,2006-04-25,PH0024,1.85,HYDROLASE/RNA/DNA
2G8W,X-RAY DIFFRACTION,2006-04-25,PH0025,2.05,HYDROLASE/RNA/DNA
2G91,X-RAY DIFFRACTION,2007-04-03,AR0069,1.50,RNA
2G92,X-RAY DIFFRACTION,2006-04-18,AR0068,1.61,RNA
2G9C,X-RAY DIFFRACTION,2006-11-21,UR0095,1.70,RNA
2GCS,X-RAY DIFFRACTION,2006-09-26,UR0078,2.10,RNA
2GCV,X-RAY DIFFRACTION,2006-09-26,UR0079,2.10,RNA
2GDI,X-RAY DIFFRACTION,2006-07-04,UR0081,2.05,RNA
2GIC,X-RAY DIFFRACTION,2006-08-22,PR0196,2.92,VIRUS/VIRAL PROTEIN/RNA
2GIS,X-RAY DIFFRACTION,2006-07-04,UR0082,2.90,RNA
2GJE,X-RAY DIFFRACTION,2006-09-05,PR0207,3.37,TRANSLATION/RNA
2GJW,X-RAY DIFFRACTION,2006-09-12,PR0197,2.85,Hydrolase/RNA
2GOZ,X-RAY DIFFRACTION,2006-07-18,UR0084,2.20,RNA
2GPM,X-RAY DIFFRACTION,2006-06-27,UR0085,1.40,RNA
2GQ4,X-RAY DIFFRACTION,2006-06-27,UR0086,1.35,RNA
2GQ5,X-RAY DIFFRACTION,2006-06-27,UR0087,1.40,RNA
2GQ6,X-RAY DIFFRACTION,2006-06-27,UR0088,1.30,RNA
2GQ7,X-RAY DIFFRACTION,2006-06-27,UR0089,1.60,RNA
2GRB,X-RAY DIFFRACTION,2006-11-21,UR0090,1.40,RNA
2GTT,X-RAY DIFFRACTION,2006-09-19,PR0208,3.49,VIRAL PROTEIN, RNA BINDING PROTEIN
2GUN,X-RAY DIFFRACTION,2006-08-01,AH0021,2.80,DNA/RNA
2GXB,X-RAY DIFFRACTION,2007-05-01,PR0210,2.25,hydrolase/RNA
2H0S,X-RAY DIFFRACTION,2006-09-26,UR0091,2.35,RNA
2H0W,X-RAY DIFFRACTION,2006-09-26,UR0092,2.40,RNA
2H0X,X-RAY DIFFRACTION,2006-09-26,UR0093,2.30,RNA
2H0Z,X-RAY DIFFRACTION,2006-09-26,UR0094,2.70,RNA
2H1M,X-RAY DIFFRACTION,2006-07-18,AR0070,2.90,RNA
2HHH,X-RAY DIFFRACTION,2006-09-26,RR0142,3.35,RIBOSOME
2HO6,X-RAY DIFFRACTION,2006-09-26,UR0096,2.80,RNA
2HO7,X-RAY DIFFRACTION,2006-09-26,UR0097,2.90,RNA
2HOJ,X-RAY DIFFRACTION,2006-09-19,UR0099,2.50,RNA
2HOK,X-RAY DIFFRACTION,2006-09-19,UR0100,3.20,RNA
2HOL,X-RAY DIFFRACTION,2006-09-19,UR0101,2.90,RNA
2HOM,X-RAY DIFFRACTION,2006-09-19,UR0102,2.89,RNA
2HOO,X-RAY DIFFRACTION,2006-09-19,UR0103,3.00,RNA
2HOP,X-RAY DIFFRACTION,2006-09-19,UR0104,3.30,RNA
2HVY,X-RAY DIFFRACTION,2006-09-12,PR0224,2.30,ISOMERASE/BIOSYNTHETIC PROTEIN/RNA
2HW8,X-RAY DIFFRACTION,2006-12-19,PR0225,2.10,STRUCTURAL PROTEIN/RNA
2HYI,X-RAY DIFFRACTION,2006-08-15,PR0227,2.30,hydrolase/RNA binding protein/RNA
2I2P,X-RAY DIFFRACTION,2006-10-24,RR0149,3.22,RIBOSOME
2I2T,X-RAY DIFFRACTION,2006-10-24,RR0150,3.22,RIBOSOME
2I2U,X-RAY DIFFRACTION,2006-10-24,RR0151,3.22,RIBOSOME
2I2V,X-RAY DIFFRACTION,2006-10-24,RR0152,3.22,RIBOSOME
2I82,X-RAY DIFFRACTION,2006-11-21,PR0229,2.05,Lyase/RNA
2I91,X-RAY DIFFRACTION,2006-10-17,PR0232,2.65,RNA Binding Protein/RNA
2IL9,X-RAY DIFFRACTION,2007-02-13,UR0105,3.10,RNA
2IPY,X-RAY DIFFRACTION,2007-01-09,PR0235,2.80,Lyase/RNA
2IX1,X-RAY DIFFRACTION,2006-10-05,2IX1,2.74,HYDROLASE
2IY5,X-RAY DIFFRACTION,2006-09-06,2IY5,3.10,LIGASE
2IZ8,X-RAY DIFFRACTION,2006-07-27,2IZ8,3.30,VIRUS/RNA
2IZ9,X-RAY DIFFRACTION,2006-07-27,2IZ9,2.85,VIRUS/RNA
2IZM,X-RAY DIFFRACTION,2007-07-03,2IZM,2.70,VIRUS/RNA
2IZN,X-RAY DIFFRACTION,2006-07-27,2IZN,2.56,VIRUS/RNA
2J00,X-RAY DIFFRACTION,2006-09-28,2J00,2.80,RIBOSOME
2J01,X-RAY DIFFRACTION,2006-09-28,2J01,2.80,RIBOSOME
2J02,X-RAY DIFFRACTION,2006-09-28,2J02,2.80,RIBOSOME
2J03,X-RAY DIFFRACTION,2006-09-28,2J03,2.80,RIBOSOME
2J0Q,X-RAY DIFFRACTION,2006-08-30,2J0Q,3.20,HYDROLASE
2J0S,X-RAY DIFFRACTION,2006-09-06,2J0S,2.21,HYDROLASE
2JEA,X-RAY DIFFRACTION,2007-04-03,2JEA,2.33,HYDROLASE
2JLT,X-RAY DIFFRACTION,2009-08-18,2JLT,2.90,RNA
2JLU,X-RAY DIFFRACTION,2008-11-25,2JLU,2.04,HYDROLASE/RNA
2JLV,X-RAY DIFFRACTION,2008-11-25,2JLV,1.90,HYDROLASE/RNA
2JLW,X-RAY DIFFRACTION,2008-11-25,2JLW,2.60,HYDROLASE/RNA
2JLX,X-RAY DIFFRACTION,2008-11-25,NA0282,2.20,HYDROLASE/RNA
2JLY,X-RAY DIFFRACTION,2008-11-25,2JLY,2.40,HYDROLASE/RNA
2JLZ,X-RAY DIFFRACTION,2008-11-25,2JLZ,2.20,HYDROLASE/RNA
2NOK,X-RAY DIFFRACTION,2007-02-13,AR0071,3.00,RNA
2NPY,X-RAY DIFFRACTION,2007-08-14,UR0106,2.65,RNA
2NPZ,X-RAY DIFFRACTION,2007-08-14,UR0107,3.35,RNA
2NQP,X-RAY DIFFRACTION,2007-05-15,PR0242,3.50,ISOMERASE/RNA
2NUE,X-RAY DIFFRACTION,2007-11-20,PR0239,2.90,hydrolase/RNA
2NUF,X-RAY DIFFRACTION,2007-11-20,PR0240,2.50,hydrolase/RNA
2NUG,X-RAY DIFFRACTION,2007-11-20,PR0241,1.70,hydrolase/RNA
2NVQ,X-RAY DIFFRACTION,2006-12-12,PH0031,2.90,TRANSCRIPTION,TRANSFERASE/DNA-RNA HYBRID
2NVT,X-RAY DIFFRACTION,2006-12-12,PH0033,3.36,TRANSCRIPTION,TRANSFERASE/DNA-RNA HYBRID
2NZ4,X-RAY DIFFRACTION,2007-01-16,PR0249,2.50,STRUCTURAL PROTEIN/RNA
2O3V,X-RAY DIFFRACTION,2007-11-06,DR0037,2.80,RNA
2O3W,X-RAY DIFFRACTION,2007-11-06,DR0038,2.80,RNA
2O3X,X-RAY DIFFRACTION,2007-11-06,DR0039,2.90,RNA
2O3Y,X-RAY DIFFRACTION,2007-11-06,AR0073,2.70,RNA
2O44,X-RAY DIFFRACTION,2007-12-04,DR0033,3.30,RNA
2O5I,X-RAY DIFFRACTION,2007-07-03,PH0036,2.50,TRANSFERASE/DNA-RNA HYBRID
2O5J,X-RAY DIFFRACTION,2007-07-03,PH0037,3.00,TRANSFERASE/DNA-RNA HYBRID
2OE5,X-RAY DIFFRACTION,2007-02-13,DR0035,1.51,RNA
2OE6,X-RAY DIFFRACTION,2007-02-13,AR0072,2.40,RNA
2OE8,X-RAY DIFFRACTION,2007-02-13,DR0036,1.80,RNA
2OEU,X-RAY DIFFRACTION,2007-02-20,UR0108,2.00,RNA
2OGM,X-RAY DIFFRACTION,2007-05-01,RR0158,3.50,RIBOSOME
2OIH,X-RAY DIFFRACTION,2007-03-27,PR0260,2.40,structural protein/RNA
2OIJ,X-RAY DIFFRACTION,2007-02-13,AR0074,2.31,RNA
2OIU,X-RAY DIFFRACTION,2007-03-13,UR0110,2.60,RNA
2OIY,X-RAY DIFFRACTION,2007-12-25,AR0075,1.60,RNA
2OJ0,X-RAY DIFFRACTION,2007-12-25,AR0076,2.60,RNA
2OJ3,X-RAY DIFFRACTION,2007-03-27,PR0261,2.90,Structural Protein/RNA
2OTJ,X-RAY DIFFRACTION,2007-04-03,RR0161,2.90,RIBOSOME
2OTL,X-RAY DIFFRACTION,2007-04-03,RR0162,2.70,Ribosome
2OUE,X-RAY DIFFRACTION,2007-03-06,UR0109,2.05,RNA
2OZB,X-RAY DIFFRACTION,2007-03-20,PR0267,2.60,RNA BINDING PROTEIN/RNA
2P7D,X-RAY DIFFRACTION,2007-05-22,UR0146,2.25,RNA
2P7E,X-RAY DIFFRACTION,2007-05-22,UR0117,2.05,RNA
2P7F,X-RAY DIFFRACTION,2007-05-22,UR0118,2.35,RNA
2PJP,X-RAY DIFFRACTION,2007-10-30,PR0285,2.30,translation/RNA
2PLY,X-RAY DIFFRACTION,2007-11-06,PD0291,2.60,translation/RNA
2PN3,X-RAY DIFFRACTION,2008-04-01,AR0077,2.90,RNA
2PN4,X-RAY DIFFRACTION,2008-04-01,AR0078,2.32,RNA
2PO1,X-RAY DIFFRACTION,2008-03-18,PR0271,1.94,hydrolase/hydrolase/RNA
2PPB,X-RAY DIFFRACTION,2007-07-17,PH0039,3.00,TRANSFERASE/DNA/RNA
2PWT,X-RAY DIFFRACTION,2007-09-18,DR0040,1.80,RNA
2PXB,X-RAY DIFFRACTION,2007-08-07,PR0274,2.00,SIGNALING PROTEIN/RNA
2PXD,X-RAY DIFFRACTION,2007-08-07,PR0275,2.00,SIGNALING PROTEIN/RNA
2PXE,X-RAY DIFFRACTION,2007-08-07,PR0276,2.00,SIGNALING PROTEIN/RNA
2PXF,X-RAY DIFFRACTION,2007-08-07,PR0277,2.00,SIGNALING PROTEIN/RNA
2PXK,X-RAY DIFFRACTION,2007-08-07,PR0278,2.00,SIGNALING PROTEIN/RNA
2PXL,X-RAY DIFFRACTION,2007-08-07,PR0279,2.50,SIGNALING PROTEIN/RNA
2PXP,X-RAY DIFFRACTION,2007-08-07,PR0280,2.50,SIGNALING PROTEIN/RNA
2PXQ,X-RAY DIFFRACTION,2007-08-07,PR0281,2.50,SIGNALING PROTEIN/RNA
2PXT,X-RAY DIFFRACTION,2007-08-07,PR0282,2.50,SIGNALING PROTEIN/RNA
2PXU,X-RAY DIFFRACTION,2007-08-07,PR0283,2.50,SIGNALING PROTEIN/RNA
2PXV,X-RAY DIFFRACTION,2007-08-07,PR0284,2.00,SIGNALING PROTEIN/RNA
2PY9,X-RAY DIFFRACTION,2007-06-12,PR0273,2.56,RNA AND DNA binding protein/RNA
2Q1O,X-RAY DIFFRACTION,2007-10-30,AR0080,1.10,RNA
2Q1R,X-RAY DIFFRACTION,2007-10-30,AR0079,1.12,RNA
2Q23,X-RAY DIFFRACTION,2008-07-15,PR0288,3.20,Virus, hydrolase/RNA
2Q25,X-RAY DIFFRACTION,2008-07-15,PR0289,3.50,Virus,hydrolase/RNA
2Q26,X-RAY DIFFRACTION,2008-07-15,PR0290,3.50,Virus/RNA
2Q66,X-RAY DIFFRACTION,2007-08-28,PR0286,1.80,Transferase/RNA
2QA4,X-RAY DIFFRACTION,2008-04-01,RR0199,3.00,RIBOSOME
2QAL,X-RAY DIFFRACTION,2007-09-25,RR0169,3.21,RIBOSOME
2QAM,X-RAY DIFFRACTION,2007-09-25,RR0170,3.21,RIBOSOME
2QAN,X-RAY DIFFRACTION,2007-09-25,RR0171,3.21,RIBOSOME
2QAO,X-RAY DIFFRACTION,2007-09-25,RR0172,3.21,RIBOSOME
2QBD,X-RAY DIFFRACTION,2007-09-25,RR0177,3.30,RIBOSOME
2QBE,X-RAY DIFFRACTION,2007-09-25,RR0178,3.30,RIBOSOME
2QBF,X-RAY DIFFRACTION,2007-09-25,RR0179,3.30,RIBOSOME
2QBG,X-RAY DIFFRACTION,2007-09-25,RR0180,3.30,RIBOSOME
2QBZ,X-RAY DIFFRACTION,2007-09-18,UR0120,2.60,RNA
2QEK,X-RAY DIFFRACTION,2008-05-06,UR0199,1.80,RNA
2QEX,X-RAY DIFFRACTION,2008-09-30,RR0200,2.90,RIBOSOME
2QK9,X-RAY DIFFRACTION,2007-11-13,PH0040,2.55,HYDROLASE/DNA/RNA
2QKB,X-RAY DIFFRACTION,2007-11-13,PH0041,2.40,HYDROLASE/DNA/RNA
2QKK,X-RAY DIFFRACTION,2007-11-13,PH0042,3.20,HYDROLASE/DNA/RNA
2QOY,X-RAY DIFFRACTION,2007-08-14,RR0193,3.50,RIBOSOME
2QOZ,X-RAY DIFFRACTION,2007-08-14,RR0194,3.50,RIBOSOME
2QP0,X-RAY DIFFRACTION,2007-08-14,RR0195,3.50,RIBOSOME
2QP1,X-RAY DIFFRACTION,2007-08-14,RR0196,3.50,RIBOSOME
2QUS,X-RAY DIFFRACTION,2008-07-15,UR0121,2.40,RNA
2QUW,X-RAY DIFFRACTION,2008-07-15,UR0122,2.20,RNA
2QUX,X-RAY DIFFRACTION,2007-12-18,PR0296,2.44,Structural PROTEIN/RNA
2QWY,X-RAY DIFFRACTION,2008-01-22,UR0125,2.80,RNA
2R1S,X-RAY DIFFRACTION,2007-09-25,AR0081,1.40,RNA
2R20,X-RAY DIFFRACTION,2007-09-25,AR0082,1.30,RNA
2R21,X-RAY DIFFRACTION,2007-09-25,AR0083,1.59,RNA
2R22,X-RAY DIFFRACTION,2007-09-25,AR0084,1.40,RNA
2R7R,X-RAY DIFFRACTION,2008-07-29,PR0297,2.60,transferase/RNA
2R7S,X-RAY DIFFRACTION,2008-07-29,PR0298,3.24,transferase/RNA
2R7T,X-RAY DIFFRACTION,2008-07-29,PR0299,3.00,Transferase/RNA
2R7U,X-RAY DIFFRACTION,2008-07-29,PR0300,3.10,transferase/RNA
2R7V,X-RAY DIFFRACTION,2008-07-29,PR0301,2.80,transferase/RNA
2R7W,X-RAY DIFFRACTION,2008-07-29,PR0302,2.60,transferase/RNA
2R7X,X-RAY DIFFRACTION,2008-07-29,PR0303,2.80,transferase/RNA
2R7Y,X-RAY DIFFRACTION,2008-05-06,PH0043,1.80,Hydrolase/RNA/DNA
2R8S,X-RAY DIFFRACTION,2007-12-04,PR0294,1.95,IMMUNE SYSTEM/RNA
2RD2,X-RAY DIFFRACTION,2008-01-15,PR0306,2.60,LIGASE/RNA
2RE8,X-RAY DIFFRACTION,2008-01-15,PR0307,2.60,LIGASE/RNA
2RFK,X-RAY DIFFRACTION,2008-02-05,PR0309,2.87,Isomerase/RNA
2TMV,FIBER DIFFRACTION,1989-01-09,2TMV,2.90,Virus/RNA
2TRA,X-RAY DIFFRACTION,1987-11-06,TRNA07,3.00,T-RNA
2UU9,X-RAY DIFFRACTION,2007-05-15,2UU9,3.10,RIBOSOME
2UUA,X-RAY DIFFRACTION,2007-05-15,2UUA,2.90,RIBOSOME
2UUB,X-RAY DIFFRACTION,2007-05-15,2UUB,2.80,RIBOSOME
2UUC,X-RAY DIFFRACTION,2007-05-22,2UUC,3.10,RIBOSOME
2UWM,X-RAY DIFFRACTION,2007-05-08,2UWM,2.31,TRANSLATION
2UXB,X-RAY DIFFRACTION,2007-07-31,2UXB,3.10,RIBOSOME
2UXC,X-RAY DIFFRACTION,2007-05-08,2UXC,2.90,RIBOSOME
2UXD,X-RAY DIFFRACTION,2007-10-02,2UXD,3.20,RIBOSOME
2V0G,X-RAY DIFFRACTION,2007-07-03,2V0G,3.50,LIGASE
2V3C,X-RAY DIFFRACTION,2007-09-04,2V3C,2.50,SIGNALING PROTEIN
2V46,X-RAY DIFFRACTION,2007-07-31,2V46,3.50,RIBOSOME
2V47,X-RAY DIFFRACTION,2007-07-31,2V47,3.50,RIBOSOME
2V48,X-RAY DIFFRACTION,2007-07-31,2V48,3.50,RIBOSOME
2V49,X-RAY DIFFRACTION,2007-07-31,2V49,3.50,RIBOSOME
2V6W,X-RAY DIFFRACTION,2007-11-06,2V6W,1.80,RNA
2V7R,X-RAY DIFFRACTION,2008-03-18,2V7R,1.20,RNA
2VAL,X-RAY DIFFRACTION,2007-10-16,2VAL,2.00,RNA
2VNU,X-RAY DIFFRACTION,2008-04-08,2VNU,2.30,HYDROLASE
2VOD,X-RAY DIFFRACTION,2008-05-06,2VOD,2.10,RNA-BINDING PROTEIN
2VON,X-RAY DIFFRACTION,2008-05-06,2VON,2.10,RNA-BINDING PROTEIN
2VOO,X-RAY DIFFRACTION,2008-05-06,2VOO,1.80,RNA-BINDING PROTEIN
2VOP,X-RAY DIFFRACTION,2008-05-06,2VOP,2.80,RNA-BINDING PROTEIN
2VPL,X-RAY DIFFRACTION,2008-09-23,2VPL,2.30,TRANSLATION
2VQE,X-RAY DIFFRACTION,2008-04-29,2VQE,2.50,RIBOSOME
2VQF,X-RAY DIFFRACTION,2008-04-29,2VQF,2.90,RIBOSOME
2VRT,X-RAY DIFFRACTION,2008-07-22,2VRT,3.50,HYDROLASE
2VUM,X-RAY DIFFRACTION,2008-06-17,2VUM,3.40,TRANSFERASE
2VUQ,X-RAY DIFFRACTION,2009-03-10,2VUQ,1.18,RNA
2W2H,X-RAY DIFFRACTION,2008-12-09,2W2H,3.25,RNA-BINDING PROTEIN
2W89,X-RAY DIFFRACTION,2009-11-17,NA0348,2.00,RNA
2WDG,X-RAY DIFFRACTION,2009-04-14,2WDG,3.30,RIBOSOME
2WDH,X-RAY DIFFRACTION,2009-04-14,2WDH,3.30,RIBOSOME
2WDI,X-RAY DIFFRACTION,2009-04-14,2WDI,3.30,RIBOSOME
2WDJ,X-RAY DIFFRACTION,2009-04-14,2WDJ,3.30,RIBOSOME
2WDK,X-RAY DIFFRACTION,2009-04-14,2WDK,3.50,RIBOSOME
2WDL,X-RAY DIFFRACTION,2009-04-14,2WDL,3.50,RIBOSOME
2WDM,X-RAY DIFFRACTION,2009-04-14,2WDM,3.50,RIBOSOME
2WDN,X-RAY DIFFRACTION,2009-04-14,NA0230,3.50,RIBOSOME
2WH1,X-RAY DIFFRACTION,2009-05-19,2WH1,3.45,RIBOSOME
2WH2,X-RAY DIFFRACTION,2009-05-19,2WH2,3.45,RIBOSOME
2WH3,X-RAY DIFFRACTION,2009-05-19,2WH3,3.45,RIBOSOME
2WH4,X-RAY DIFFRACTION,2009-05-19,2WH4,3.45,RIBOSOME
2WJ8,X-RAY DIFFRACTION,2009-12-08,NA0380,3.29,RNA BINDING PROTEIN/RNA
2YU9,X-RAY DIFFRACTION,2007-04-24,PH0038,3.40,TRANSCRIPTION,TRANSFERASE/DNA-RNA HYBRID
2Z2Q,X-RAY DIFFRACTION,2008-07-15,PR0287,2.70,virus/RNA
2Z74,X-RAY DIFFRACTION,2007-09-04,UR0123,2.20,DNA, RNA
2Z75,X-RAY DIFFRACTION,2007-09-04,UR0124,1.70,DNA, RNA
2ZH1,X-RAY DIFFRACTION,2008-08-05,PR0318,2.80,TRANSFERASE/RNA
2ZH2,X-RAY DIFFRACTION,2008-08-05,PR0319,2.66,TRANSFERASE/RNA
2ZH3,X-RAY DIFFRACTION,2008-08-05,PR0320,2.50,TRANSFERASE/RNA
2ZH4,X-RAY DIFFRACTION,2008-08-05,PR0321,2.65,TRANSFERASE/RNA
2ZH5,X-RAY DIFFRACTION,2008-08-05,PR0322,2.60,TRANSFERASE/RNA
2ZH6,X-RAY DIFFRACTION,2008-08-05,PR0323,2.50,TRANSFERASE/RNA
2ZH7,X-RAY DIFFRACTION,2008-08-05,PR0324,3.00,TRANSFERASE/RNA
2ZH8,X-RAY DIFFRACTION,2008-08-05,PR0325,2.65,TRANSFERASE/RNA
2ZH9,X-RAY DIFFRACTION,2008-08-05,PR0326,2.90,TRANSFERASE/RNA
2ZHA,X-RAY DIFFRACTION,2008-08-05,PR0327,2.95,TRANSFERASE/RNA
2ZHB,X-RAY DIFFRACTION,2008-08-05,PR0328,3.05,TRANSFERASE/RNA
2ZI0,X-RAY DIFFRACTION,2008-07-22,PR0334,2.82,GENE REGULATION/RNA
2ZJQ,X-RAY DIFFRACTION,2008-06-17,RR0216,3.30,RIBOSOME
2ZJR,X-RAY DIFFRACTION,2008-06-17,RR0217,2.91,RIBOSOME
2ZKO,X-RAY DIFFRACTION,2008-10-14,PR0337,1.70,RNA BINDING PROTEIN/RNA
2ZM5,X-RAY DIFFRACTION,2009-04-14,PR0339,2.55,TRANSFERASE/RNA
2ZM6,X-RAY DIFFRACTION,2009-04-14,RR0220,3.30,RIBOSOME
2ZNI,X-RAY DIFFRACTION,2008-12-30,PR0343,3.10,LIGASE/RNA
2ZUE,X-RAY DIFFRACTION,2009-08-18,PR0357,2.00,Ligase/RNA
2ZUF,X-RAY DIFFRACTION,2009-08-18,PR0358,2.30,Ligase/RNA
2ZXU,X-RAY DIFFRACTION,2009-05-26,PR0362,2.75,TRANSFERASE/RNA
2ZY6,X-RAY DIFFRACTION,2009-06-30,UR0182,1.75,RNA
2ZZM,X-RAY DIFFRACTION,2009-09-15,PR0368,2.65,TRANSFERASE/RNA
2ZZN,X-RAY DIFFRACTION,2009-09-15,PR0369,2.95,TRANSFERASE/RNA
300D,X-RAY DIFFRACTION,1997-01-24,URX058,3.00,RIBOZYME
301D,X-RAY DIFFRACTION,1997-01-24,URX059,3.00,RIBOZYME
310D,X-RAY DIFFRACTION,1997-06-24,ARFS26,1.30,RNA
333D,X-RAY DIFFRACTION,1997-10-16,ARHB90,2.52,RNA
353D,X-RAY DIFFRACTION,1997-11-10,URX063,2.40,RNA
354D,X-RAY DIFFRACTION,1997-11-26,URL064,1.50,RNA
357D,X-RAY DIFFRACTION,1997-12-01,URL066,3.50,RNA
359D,X-RAY DIFFRACTION,1997-11-07,URX067,2.90,RIBOZYME
361D,X-RAY DIFFRACTION,1998-07-01,URT068,3.00,RNA
364D,X-RAY DIFFRACTION,1998-01-02,URL069,3.00,RNA
377D,X-RAY DIFFRACTION,1998-08-10,ARF0108,1.76,RNA
379D,X-RAY DIFFRACTION,1998-02-11,URX071,3.10,RIBOZYME
387D,X-RAY DIFFRACTION,2003-08-26,URX072,3.10,RNA
397D,X-RAY DIFFRACTION,1998-09-11,URX075,1.30,RNA
398D,X-RAY DIFFRACTION,1998-10-06,AHH0114,1.94,DNA-RNA HYBRID
3A3A,X-RAY DIFFRACTION,2009-08-11,NA0042,3.10,RNA
3A6P,X-RAY DIFFRACTION,2009-12-08,NA0142,2.92,PROTEIN TRANSPORT/NUCLEAR PROTEIN/RNA
3B31,X-RAY DIFFRACTION,2007-12-25,UR0129,2.40,RNA
3B4A,X-RAY DIFFRACTION,2007-12-11,UR0126,2.70,RNA
3B4B,X-RAY DIFFRACTION,2007-12-11,UR0127,2.70,RNA
3B4C,X-RAY DIFFRACTION,2007-12-11,UR0128,3.00,RNA
3B58,X-RAY DIFFRACTION,2008-08-12,UR0142,2.65,RNA
3B5A,X-RAY DIFFRACTION,2008-08-12,UR0137,2.35,RNA
3B5F,X-RAY DIFFRACTION,2008-08-12,UR0131,2.70,RNA
3B5S,X-RAY DIFFRACTION,2008-08-12,UR0132,2.25,RNA
3B91,X-RAY DIFFRACTION,2008-08-12,UR0133,2.75,RNA
3BBI,X-RAY DIFFRACTION,2008-08-12,UR0134,2.35,RNA
3BBK,X-RAY DIFFRACTION,2008-08-12,UR0135,2.75,RNA
3BBM,X-RAY DIFFRACTION,2008-08-12,UR0136,2.65,RNA
3BNL,X-RAY DIFFRACTION,2008-06-24,AR0085,2.60,RNA
3BNN,X-RAY DIFFRACTION,2008-06-24,AR0086,2.00,RNA
3BNO,X-RAY DIFFRACTION,2008-06-24,AR0087,2.35,RNA
3BNP,X-RAY DIFFRACTION,2008-06-24,AR0088,2.70,RNA
3BNQ,X-RAY DIFFRACTION,2008-06-24,AR0089,2.00,RNA
3BNR,X-RAY DIFFRACTION,2008-06-24,AR0090,2.10,RNA
3BNS,X-RAY DIFFRACTION,2008-06-24,AR0091,1.90,RNA
3BNT,X-RAY DIFFRACTION,2008-06-24,AR0092,2.30,RNA
3BO2,X-RAY DIFFRACTION,2008-04-01,PR0330,3.31,NUCLEAR PROTEIN/RNA
3BO3,X-RAY DIFFRACTION,2008-04-01,PR0331,3.40,NUCLEAR PROTEIN/RNA
3BO4,X-RAY DIFFRACTION,2008-04-01,PH0046,3.33,NUCLEAR PROTEIN/RNA
3BOY,X-RAY DIFFRACTION,2008-01-15,PR0310,1.70,TRANSCRIPTION/RNA
3BSB,X-RAY DIFFRACTION,2008-04-08,PR0312,2.80,RNA BINDING PROTEIN/RNA
3BSN,X-RAY DIFFRACTION,2008-01-08,PR0313,1.80,Transferase/RNA
3BSO,X-RAY DIFFRACTION,2008-01-08,PR0314,1.74,Transferase/RNA
3BSU,X-RAY DIFFRACTION,2008-03-25,PH0045,2.10,HYDROLASE/RNA/DNA
3BSX,X-RAY DIFFRACTION,2008-04-08,PR0315,2.32,RNA BINDING PROTEIN/RNA
3BT7,X-RAY DIFFRACTION,2008-04-29,PR0329,2.43,TRANSFERASE/RNA
3BWP,X-RAY DIFFRACTION,2008-04-15,UR0130,3.10,RNA
3BX2,X-RAY DIFFRACTION,2008-03-11,PR0316,2.84,TRANSCRIPTION, RNA BINDING PROTEIN/RNA
3BX3,X-RAY DIFFRACTION,2008-03-11,PR0317,3.00,TRANSCRIPTION, RNA BINDING PROTEIN/RNA
3C44,X-RAY DIFFRACTION,2008-05-06,DR0042,2.00,RNA
3CC2,X-RAY DIFFRACTION,2008-05-20,RR0202,2.40,RIBOSOME
3CC4,X-RAY DIFFRACTION,2008-05-20,RR0203,2.70,RIBOSOME
3CC7,X-RAY DIFFRACTION,2008-05-20,RR0204,2.70,RIBOSOME
3CCE,X-RAY DIFFRACTION,2008-05-20,RR0205,2.75,RIBOSOME
3CCJ,X-RAY DIFFRACTION,2008-05-20,RR0206,2.70,RIBOSOME
3CCL,X-RAY DIFFRACTION,2008-05-20,RR0207,2.90,RIBOSOME
3CCM,X-RAY DIFFRACTION,2008-05-20,RR0208,2.55,RIBOSOME
3CCQ,X-RAY DIFFRACTION,2008-05-20,RR0209,2.90,RIBOSOME
3CCR,X-RAY DIFFRACTION,2008-05-20,RR0210,3.00,RIBOSOME
3CCS,X-RAY DIFFRACTION,2008-05-20,RR0211,2.95,RIBOSOME
3CCU,X-RAY DIFFRACTION,2008-05-20,RR0212,2.80,RIBOSOME
3CCV,X-RAY DIFFRACTION,2008-05-20,RR0213,2.90,RIBOSOME
3CD6,X-RAY DIFFRACTION,2008-05-20,RR0214,2.75,RIBOSOME
3CF5,X-RAY DIFFRACTION,2008-06-17,RR0201,3.30,RIBOSOME
3CGP,X-RAY DIFFRACTION,2008-07-01,AR0093,1.57,RNA
3CGQ,X-RAY DIFFRACTION,2008-07-01,AR0094,2.55,RNA
3CGR,X-RAY DIFFRACTION,2008-07-01,AR0095,2.10,RNA
3CGS,X-RAY DIFFRACTION,2008-07-01,AR0096,1.65,RNA
3CIY,X-RAY DIFFRACTION,2008-05-06,PR0335,3.41,IMMUNE SYSTEM/RNA
3CJZ,X-RAY DIFFRACTION,2008-10-14,AR0097,1.80,RNA
3CMA,X-RAY DIFFRACTION,2008-09-23,RR0218,2.80,RIBOSOME
3CME,X-RAY DIFFRACTION,2008-09-23,RR0219,2.95,RIBOSOME
3CPW,X-RAY DIFFRACTION,2008-07-22,RR0222,2.70,RIBOSOME
3CQS,X-RAY DIFFRACTION,2008-05-20,UR0138,2.80,RNA
3CR1,X-RAY DIFFRACTION,2008-08-26,UR0141,2.25,RNA
3CUL,X-RAY DIFFRACTION,2008-06-24,PR0340,2.80,RNA/RNA binding
3CUN,X-RAY DIFFRACTION,2008-06-24,PR0341,3.00,RNA/RNA binding
3CW5,X-RAY DIFFRACTION,2008-09-02,UR0139,3.10,RNA
3CW6,X-RAY DIFFRACTION,2008-09-02,UR0140,3.30,RNA
3CXC,X-RAY DIFFRACTION,2009-04-28,RR0221,3.00,RIBOSOME
3CZ3,X-RAY DIFFRACTION,2009-05-05,PR0345,3.23,VIRAL PROTEIN/RNA
3CZW,X-RAY DIFFRACTION,2008-09-09,AR0098,1.40,RNA
3D0M,X-RAY DIFFRACTION,2008-09-09,AR0099,2.00,RNA
3D0U,X-RAY DIFFRACTION,2008-07-01,UR0144,2.80,RNA
3D0X,X-RAY DIFFRACTION,2008-07-01,UR0145,2.95,RNA
3D2G,X-RAY DIFFRACTION,2008-07-01,UR0143,2.25,RNA
3D2S,X-RAY DIFFRACTION,2008-12-02,PR0347,1.70,METAL BINDING PROTEIN/RNA
3D2V,X-RAY DIFFRACTION,2008-07-01,DR0045,2.00,RNA
3D2X,X-RAY DIFFRACTION,2008-07-01,DR0046,2.50,RNA
3D5A,X-RAY DIFFRACTION,2008-10-07,RR0223,3.21,RIBOSOME
3D5B,X-RAY DIFFRACTION,2008-10-07,RR0224,3.21,RIBOSOME
3D5C,X-RAY DIFFRACTION,2008-10-07,RR0225,3.21,RIBOSOME
3D5D,X-RAY DIFFRACTION,2008-10-07,RR0226,3.21,RIBOSOME
3DD2,X-RAY DIFFRACTION,2008-11-11,PR0348,1.90,Hydrolase/RNA
3DF1,X-RAY DIFFRACTION,2008-08-19,RR0228,3.50,RIBOSOME
3DF2,X-RAY DIFFRACTION,2008-08-19,RR0229,3.50,RIBOSOME
3DF3,X-RAY DIFFRACTION,2008-08-19,RR0230,3.50,RIBOSOME
3DF4,X-RAY DIFFRACTION,2008-08-19,RR0231,3.50,RIBOSOME
3DH3,X-RAY DIFFRACTION,2009-04-28,PR0349,3.00,ISOMERASE/RNA
3DIG,X-RAY DIFFRACTION,2008-09-16,UR0148,2.80,RNA
3DIL,X-RAY DIFFRACTION,2008-09-16,UR0149,1.90,RNA
3DIM,X-RAY DIFFRACTION,2008-09-16,UR0151,2.90,RNA
3DIO,X-RAY DIFFRACTION,2008-09-16,UR0150,2.40,RNA
3DIQ,X-RAY DIFFRACTION,2008-09-16,UR0152,2.70,RNA
3DIR,X-RAY DIFFRACTION,2008-09-16,UR0153,2.90,RNA
3DIS,X-RAY DIFFRACTION,2008-09-16,UR0154,3.10,RNA
3DIX,X-RAY DIFFRACTION,2008-09-16,UR0155,2.90,RNA
3DIY,X-RAY DIFFRACTION,2008-09-16,UR0156,2.71,RNA
3DIZ,X-RAY DIFFRACTION,2008-09-16,UR0157,2.85,RNA
3DJ0,X-RAY DIFFRACTION,2008-09-16,UR0158,2.50,RNA
3DJ2,X-RAY DIFFRACTION,2008-09-16,UR0159,2.50,RNA
3DLL,X-RAY DIFFRACTION,2008-09-16,RR0227,3.50,RIBOSOME
3DS7,X-RAY DIFFRACTION,2009-02-17,UR0160,1.85,RNA
3DVV,X-RAY DIFFRACTION,2008-08-12,DR0047,2.00,RNA
3DVZ,X-RAY DIFFRACTION,2009-03-24,UR0161,1.00,RNA
3DW4,X-RAY DIFFRACTION,2009-03-24,UR0162,0.97,RNA
3DW5,X-RAY DIFFRACTION,2009-03-24,UR0163,0.96,RNA
3DW6,X-RAY DIFFRACTION,2009-03-24,UR0164,1.00,RNA
3DW7,X-RAY DIFFRACTION,2009-03-24,UR0165,1.00,RNA
3E2E,X-RAY DIFFRACTION,2008-11-04,PH0048,3.00,Transferase/RNA/DNA
3E5C,X-RAY DIFFRACTION,2008-10-07,UR0166,2.25,RNA
3E5E,X-RAY DIFFRACTION,2008-10-07,UR0167,2.90,RNA
3E5F,X-RAY DIFFRACTION,2008-10-07,UR0168,2.70,RNA
3EGZ,X-RAY DIFFRACTION,2008-10-28,PR0350,2.20,RNA
3EOG,X-RAY DIFFRACTION,2008-10-28,UR0169,3.39,RNA
3EOH,X-RAY DIFFRACTION,2008-10-28,UR0170,3.12,RNA
3EPH,X-RAY DIFFRACTION,2008-11-04,PR0351,2.95,Transferase/RNA
3EPJ,X-RAY DIFFRACTION,2008-11-04,PR0352,3.10,Transferase/RNA
3EPK,X-RAY DIFFRACTION,2008-11-04,PR0353,3.20,Transferase/RNA
3EQT,X-RAY DIFFRACTION,2009-03-10,PR0355,2.00,RNA BINDING PROTEIN/RNA
3ER9,X-RAY DIFFRACTION,2009-06-16,PR0356,2.06,Transcription, Transferase/RNA
3ERC,X-RAY DIFFRACTION,2009-06-16,PH0051,3.21,Transcription, Transferase/DNA, RNA
3EX7,X-RAY DIFFRACTION,2008-12-09,PR0359,2.30,hydrolase/RNA binding protein/RNA
3F1E,X-RAY DIFFRACTION,2008-12-23,RR0232,3.00,RIBOSOME
3F1F,X-RAY DIFFRACTION,2008-12-23,RR0233,3.00,RIBOSOME
3F1G,X-RAY DIFFRACTION,2008-12-23,RR0234,3.00,RIBOSOME
3F1H,X-RAY DIFFRACTION,2008-12-23,RR0235,3.00,RIBOSOME
3F2Q,X-RAY DIFFRACTION,2009-01-27,UR0171,2.95,RNA
3F2T,X-RAY DIFFRACTION,2009-01-27,UR0172,3.00,RNA
3F2W,X-RAY DIFFRACTION,2009-01-27,UR0173,3.45,RNA
3F2X,X-RAY DIFFRACTION,2009-01-27,UR0174,3.11,RNA
3F2Y,X-RAY DIFFRACTION,2009-01-27,UR0175,3.20,RNA
3F30,X-RAY DIFFRACTION,2009-01-27,UR0176,3.15,RNA
3F4E,X-RAY DIFFRACTION,2009-01-27,UR0177,3.05,RNA
3F4G,X-RAY DIFFRACTION,2009-01-27,UR0178,3.01,RNA
3F4H,X-RAY DIFFRACTION,2009-01-27,UR0179,3.00,RNA
3F73,X-RAY DIFFRACTION,2008-12-16,PH0052,3.00,NUCLEIC ACID BINDING PROTEIN/DNA/RNA
3FAR,X-RAY DIFFRACTION,2009-11-24,AR0100,2.40,RNA
3FHT,X-RAY DIFFRACTION,2009-02-17,PR0360,2.20,HYDROLASE/RNA
3FO4,X-RAY DIFFRACTION,2009-06-23,UR0180,1.90,RNA
3FO6,X-RAY DIFFRACTION,2009-06-23,UR0181,1.90,RNA
3FOZ,X-RAY DIFFRACTION,2009-01-20,PR0361,2.50,TRANSFERASE/RNA
3FS0,X-RAY DIFFRACTION,2009-02-24,AR0101,2.30,RNA
3FTE,X-RAY DIFFRACTION,2009-03-24,PR0363,3.00,TRANSFERASE/RNA
3FTF,X-RAY DIFFRACTION,2009-03-24,PR0364,2.80,TRANSFERASE/RNA
3FTM,X-RAY DIFFRACTION,2009-02-24,AR0102,2.70,RNA
3FU2,X-RAY DIFFRACTION,2009-03-03,UR0183,2.85,RNA
3G0H,X-RAY DIFFRACTION,2009-02-17,PR0365,2.70,HYDROLASE/RNA
3G4M,X-RAY DIFFRACTION,2009-06-23,UR0187,2.40,RNA
3G4S,X-RAY DIFFRACTION,2009-04-28,RR0236,3.20,RIBOSOME
3G6E,X-RAY DIFFRACTION,2009-04-28,RR0237,2.70,RIBOSOME
3G71,X-RAY DIFFRACTION,2009-04-28,RR0238,2.85,RIBOSOME
3G8S,X-RAY DIFFRACTION,2009-11-03,PR0370,3.10,RNA binding protein/RNA
3G8T,X-RAY DIFFRACTION,2009-11-03,PR0371,3.00,RNA binding protein/RNA
3G96,X-RAY DIFFRACTION,2009-11-03,PR0373,3.01,RNA binding protein/RNA
3G9C,X-RAY DIFFRACTION,2009-11-03,PR0374,2.90,RNA binding protein/RNA
3G9Y,X-RAY DIFFRACTION,2009-03-03,PR0367,1.40,TRANSCRIPTION/RNA
3GAO,X-RAY DIFFRACTION,2009-06-23,UR0185,1.90,RNA
3GCA,X-RAY DIFFRACTION,2009-03-03,UR0186,2.75,RNA
3GER,X-RAY DIFFRACTION,2009-06-23,UR0188,1.70,RNA
3GES,X-RAY DIFFRACTION,2009-06-23,UR0189,2.15,RNA
3GIB,X-RAY DIFFRACTION,2009-11-17,PR0375,2.40,RNA binding protein/RNA
3GLP,X-RAY DIFFRACTION,2009-05-26,AR0103,1.23,RNA
3GM7,X-RAY DIFFRACTION,2009-05-26,AR0104,1.58,RNA
3GOG,X-RAY DIFFRACTION,2009-06-23,UR0191,2.10,RNA
3GOT,X-RAY DIFFRACTION,2009-06-23,UR0192,1.95,RNA
3GPQ,X-RAY DIFFRACTION,2009-07-21,PR0376,2.00,VIRAL PROTEIN/RNA
3GS1,X-RAY DIFFRACTION,2009-05-12,UR0193,2.85,RNA
3GS5,X-RAY DIFFRACTION,2009-04-21,UR0194,2.75,RNA
3GS8,X-RAY DIFFRACTION,2009-04-21,UR0195,2.85,RNA
3GTJ,X-RAY DIFFRACTION,2009-06-09,PH0054,3.42,TRANSCRIPTION, TRANSFERASE/DNA-RNA HYBRID
3GTL,X-RAY DIFFRACTION,2009-06-09,PH0056,3.38,TRANSCRIPTION, TRANSFERASE/DNA-RNA HYBRID
3GVN,X-RAY DIFFRACTION,2009-07-28,AR0105,1.20,RNA
3GX2,X-RAY DIFFRACTION,2010-01-12,UR0196,2.90,RNA
3GX3,X-RAY DIFFRACTION,2010-01-12,UR0197,2.70,RNA
3GX5,X-RAY DIFFRACTION,2010-01-12,UR0198,2.40,RNA
3GX6,X-RAY DIFFRACTION,2010-01-12,UR0200,2.80,RNA
3GX7,X-RAY DIFFRACTION,2010-01-12,UR0201,2.95,RNA
3H5X,X-RAY DIFFRACTION,2009-05-19,PR0377,1.77,Transferase/RNA
3H5Y,X-RAY DIFFRACTION,2009-05-19,PR0378,1.77,Transferase/RNA
3HAX,X-RAY DIFFRACTION,2009-06-23,PR0379,2.11,ISOMERASE/BIOSYNTHETIC PROTEIN/RNA
3HGA,X-RAY DIFFRACTION,2009-08-18,NA0002,1.30,RNA
3HHN,X-RAY DIFFRACTION,2009-11-24,PR0381,2.99,LIGASE/RNA
3HHZ,X-RAY DIFFRACTION,2009-07-28,PR0385,3.50,VIRAL PROTEIN/RNA
3HJF,X-RAY DIFFRACTION,2009-10-06,NA0005,3.06,NUCLEIC ACID BINDING PROTEIN/DNA/RNA
3HJW,X-RAY DIFFRACTION,2009-06-23,PR0383,2.35,ISOMERASE/RNA
3HK2,X-RAY DIFFRACTION,2009-10-06,NA0006,2.80,NUCLEIC ACID BINDING PROTEIN/DNA/RNA
3HL2,X-RAY DIFFRACTION,2009-10-06,NA0004,2.81,TRANSFERASE
3HM9,X-RAY DIFFRACTION,2009-10-06,NA0119,3.30,Nucleic Acid Binding Protein/DNA/RNA
3HO1,X-RAY DIFFRACTION,2009-10-06,NA0038,2.60,NUCLEIC ACID BINDING PROTEIN/DNA/RNA
3HOU,X-RAY DIFFRACTION,2009-07-28,NA0030,3.20,TRANSCRIPTION,TRANSFERASE/DNA/RNA HYBRID
3HOV,X-RAY DIFFRACTION,2009-07-28,NA0031,3.50,TRANSCRIPTION, TRANSFERASE/DNA/RNA
3HOY,X-RAY DIFFRACTION,2009-07-28,NA0034,3.40,TRANSCRIPTION,TRANSFERASE/DNA/RNA HYBRID
3HTX,X-RAY DIFFRACTION,2009-09-29,NA0045,3.10,TRANSFERASE/RNA
3HUW,X-RAY DIFFRACTION,2009-09-29,NA0046,3.10,RIBOSOME
3HUX,X-RAY DIFFRACTION,2009-09-29,NA0047,3.10,RIBOSOME
3HUY,X-RAY DIFFRACTION,2009-09-29,NA0048,3.10,RIBOSOME
3HUZ,X-RAY DIFFRACTION,2009-09-29,NA0049,3.10,RIBOSOME
3HVR,X-RAY DIFFRACTION,2009-10-06,NA0072,3.21,NUCLEIC ACID BINDING PROTEIN/DNA/RNA
3HXM,X-RAY DIFFRACTION,2009-10-06,NA0071,3.10,NUCLEIC ACID BINDING PROTEIN/DNA/RNA
3I1M,X-RAY DIFFRACTION,2009-09-01,NA0073,3.19,RIBOSOME
3I1N,X-RAY DIFFRACTION,2009-09-01,NA0074,3.19,RIBOSOME
3I1O,X-RAY DIFFRACTION,2009-09-01,NA0075,3.19,RIBOSOME
3I1P,X-RAY DIFFRACTION,2009-09-01,NA0076,3.19,RIBOSOME
3I2Q,X-RAY DIFFRACTION,2009-11-03,NA0051,2.90,RNA
3I2R,X-RAY DIFFRACTION,2009-11-03,NA0052,2.80,RNA
3I2S,X-RAY DIFFRACTION,2009-11-03,NA0053,2.75,RNA
3I2U,X-RAY DIFFRACTION,2009-11-03,NA0054,2.80,RNA
3I5X,X-RAY DIFFRACTION,2009-09-08,NA0086,1.90,Hydrolase/RNA
3I5Y,X-RAY DIFFRACTION,2009-09-08,NA0087,2.49,Hydrolase/RNA
3I61,X-RAY DIFFRACTION,2009-09-08,NA0088,2.10,Hydrolase/RNA
3I62,X-RAY DIFFRACTION,2009-09-08,NA0089,1.95,Hydrolase/RNA
3IAB,X-RAY DIFFRACTION,2010-01-26,NA0097,2.70,HYDROLASE/RNA
3ICE,X-RAY DIFFRACTION,2009-11-10,NA0090,2.80,TRANSCRIPTION REGULATOR/RNA
3ICQ,X-RAY DIFFRACTION,2009-08-25,NA0113,3.20,RNA BINDING PROTEIN
3IE1,X-RAY DIFFRACTION,2009-08-04,NA0094,2.85,HYDROLASE/RNA
3IEV,X-RAY DIFFRACTION,2009-08-25,NA0098,1.90,Nucleotide binding protein/RNA
3IGI,X-RAY DIFFRACTION,2009-12-22,NA0107,3.12,RNA
3IRW,X-RAY DIFFRACTION,2009-11-10,NA0200,2.70,RNA
3IVN,X-RAY DIFFRACTION,2010-01-19,NA0135,2.80,RNA
3IWN,X-RAY DIFFRACTION,2009-11-10,NA0169,3.20,RNA/RNA BINDING PROTEIN
3K0J,X-RAY DIFFRACTION,2009-12-22,NA0199,3.10,RNA/RNA BINDING PROTEIN
3K1V,X-RAY DIFFRACTION,2009-10-06,NA0185,2.20,RNA
3K49,X-RAY DIFFRACTION,2009-10-27,NA0197,2.50,RNA Binding protein / RNA
3K4E,X-RAY DIFFRACTION,2009-10-27,NA0198,3.20,RNA Binding protein / RNA
3K5Q,X-RAY DIFFRACTION,2009-11-03,NA0200,2.20,RNA/RNA BINDING PROTEIN
3K5Y,X-RAY DIFFRACTION,2009-11-03,NA0218,2.30,RNA/RNA BINDING PROTEIN
3K5Z,X-RAY DIFFRACTION,2009-11-03,NA0219,2.40,RNA/RNA BINDING PROTEIN
3K61,X-RAY DIFFRACTION,2009-11-03,NA0220,2.21,RNA/RNA BINDING PROTEIN
3K62,X-RAY DIFFRACTION,2009-11-03,NA0221,1.90,RNA/RNA BINDING PROTEIN
3K64,X-RAY DIFFRACTION,2009-11-03,NA0222,2.00,RNA/RNA BINDING PROTEIN
3KIQ,X-RAY DIFFRACTION,2009-12-15,NA0323,3.30,RIBOSOME
3KIR,X-RAY DIFFRACTION,2009-12-15,NA0361,3.30,RIBOSOME
3KIS,X-RAY DIFFRACTION,2009-12-15,NA0362,3.30,RIBOSOME
3KIT,X-RAY DIFFRACTION,2009-12-15,NA0363,3.30,RIBOSOME
3KS8,X-RAY DIFFRACTION,2010-01-12,NA0377,2.40,VIRAL PROTEIN/RNA
3L25,X-RAY DIFFRACTION,2010-01-26,NA0411,2.00,RNA BINDING PROTEIN/RNA
3L26,X-RAY DIFFRACTION,2010-01-26,NA0412,2.40,RNA BINDING PROTEIN/RNA
3L3C,X-RAY DIFFRACTION,2009-12-29,NA0410,2.85,RNA binding protein/RNA
3LA5,X-RAY DIFFRACTION,2010-01-26,NA0415,1.70,RNA
3TRA,X-RAY DIFFRACTION,1987-11-06,TRNA08,3.00,T-RNA
402D,X-RAY DIFFRACTION,1998-06-16,AR0001,2.30,RNA
404D,X-RAY DIFFRACTION,1998-12-14,AH0001,2.50,DNA-RNA HYBRID
405D,X-RAY DIFFRACTION,1999-01-13,AR0002,2.50,RNA
406D,X-RAY DIFFRACTION,1999-02-05,AR0003,1.80,RNA
409D,X-RAY DIFFRACTION,1999-01-13,AR0004,2.50,RNA
413D,X-RAY DIFFRACTION,1998-07-10,AR0005,1.80,RNA
420D,X-RAY DIFFRACTION,1999-01-13,AR0006,1.90,RNA
421D,X-RAY DIFFRACTION,1999-01-05,DR0003,1.80,DNA-RNA HYBRID
422D,X-RAY DIFFRACTION,2003-06-03,AR0007,2.60,RNA
429D,X-RAY DIFFRACTION,1999-03-01,UR0001,2.70,RNA
430D,X-RAY DIFFRACTION,1998-10-07,UR0002,2.10,RNA
433D,X-RAY DIFFRACTION,1998-12-04,AR0008,2.10,RNA
434D,X-RAY DIFFRACTION,1999-06-14,AR0009,1.16,RNA
435D,X-RAY DIFFRACTION,1999-06-14,AR0010,1.40,RNA
437D,X-RAY DIFFRACTION,1998-12-03,UR0004,1.60,RNA
438D,X-RAY DIFFRACTION,1999-05-12,AR0011,2.50,RNA
439D,X-RAY DIFFRACTION,2001-09-14,AR0012,1.60,RNA
462D,X-RAY DIFFRACTION,1999-12-02,UR0005,2.30,RNA
464D,X-RAY DIFFRACTION,1999-08-16,AR0014,1.23,RNA
466D,X-RAY DIFFRACTION,1999-08-16,AR0013,1.16,RNA
468D,X-RAY DIFFRACTION,1999-05-12,AR0016,1.80,RNA
469D,X-RAY DIFFRACTION,1999-05-12,AR0015,1.70,RNA
470D,X-RAY DIFFRACTION,1999-05-12,AR0017,1.95,RNA
471D,X-RAY DIFFRACTION,1999-05-12,AR0018,2.70,RNA
472D,X-RAY DIFFRACTION,2000-11-27,AR0022,1.90,RNA
479D,X-RAY DIFFRACTION,2000-05-15,AH0005,1.90,DNA/RNA HYBRID
480D,X-RAY DIFFRACTION,1999-10-08,UR0006,1.50,RNA
483D,X-RAY DIFFRACTION,1999-10-08,UR0007,1.11,RNA
488D,X-RAY DIFFRACTION,2000-03-06,UR0010,3.10,RNA
4TNA,X-RAY DIFFRACTION,1978-04-12,TRNA10,2.50,T-RNA
4TRA,X-RAY DIFFRACTION,1987-11-06,TRNA09,3.00,T-RNA
5MSF,X-RAY DIFFRACTION,1998-11-11,PR0001,2.80,Virus/RNA
6MSF,X-RAY DIFFRACTION,1998-07-08,PRV010,2.80,Virus/RNA
6TNA,X-RAY DIFFRACTION,1978-11-16,TRNA04,2.70,T-RNA
7MSF,X-RAY DIFFRACTION,1998-11-11,PR0002,2.80,Virus/RNA
